nie,12791
na,11906
po,11770
za,7759
się,7639
do,7531
i,6791
w,5986
go,5545
ła,5538
wy,5363
to,5190
ko,5129
z,4601
ka,4570
wa,4325
li,3993
mi,3425
no,3216
że,3150
ni,3068
ne,2941
wie,2932
przy,2877
nia,2731
ki,2721
od,2639
ny,2497
je,2492
wi,2480
ma,2435
ło,2428
prze,2398
pa,2395
le,2351
ta,2271
sta,2248
ro,2222
da,2211
ra,2180
a,2179
ja,2136
cie,2019
czy,1990
co,1949
ją,1946
ły,1929
te,1909
my,1887
bie,1883
ku,1860
cze,1809
łem,1792
dzie,1792
wo,1710
mo,1678
kie,1609
ty,1594
roz,1567
dzi,1557
o,1547
mu,1545
jak,1543
by,1526
so,1486
ce,1443
tu,1425
dy,1425
ry,1359
cy,1318
pan,1317
ci,1313
we,1264
któ,1234
ba,1230
ści,1229
bo,1226
sa,1219
ze,1175
cho,1156
raz,1147
ga,1137
wał,1106
ale,1101
re,1101
ży,1085
tak,1074
już,1074
pod,1062
ca,1050
szy,1008
pro,1004
jej,1001
lo,1000
jąc,959
sze,948
cza,938
la,936
rze,933
elu,932
spo,931
nych,916
ną,916
zna,895
sie,895
jed,891
nym,876
mie,862
pie,842
zo,820
wszyst,808
ru,802
tym,802
zy,794
bar,790
sza,774
mnie,773
pra,760
bi,754
mia,752
mek,752
rzy,750
du,744
naj,733
pi,723
tyl,723
gło,721
kę,719
śmy,712
jest,703
sto,693
gdy,686
przez,685
kleks,684
bez,682
dla,682
zu,675
su,670
nej,669
wia,667
gu,662
kiem,661
wać,653
ten,651
sko,648
przed,635
cha,634
ję,626
ków,622
tem,622
niej,620
dzo,605
ście,602
dzia,599
cia,597
wła,596
chwi,595
sy,591
ob,584
jesz,576
lu,574
tego,570
wet,561
in,558
nę,557
pew,554
było,552
pani,550
ich,550
gi,550
swo,542
niu,541
tych,540
trzy,536
czo,534
nął,534
ska,533
jego,525
de,506
rów,506
bu,505
rza,497
sia,493
był,492
ża,491
zie,487
ski,487
dział,486
może,474
pu,473
bę,469
tam,463
dze,460
ste,460
śli,453
pana,452
nim,450
śnie,448
py,447
stra,446
mó,438
nad,435
też,433
nią,433
mię,433
chy,433
czę,428
tro,424
klek,419
kra,414
łam,413
tra,412
nik,408
bra,407
cu,405
nic,403
ką,402
nu,401
ju,401
wiel,400
niem,400
wą,399
me,396
gra,393
glą,393
dał,391
wił,389
tej,387
zro,386
cił,383
są,382
au,380
słu,379
zło,376
trze,374
sło,374
nich,371
cią,370
miał,370
si,369
wę,361
peł,361
tę,361
kim,358
sem,358
nio,354
wiem,353
nas,353
zwy,350
tom,348
nak,348
nię,347
dę,347
on,344
praw,341
ców,340
więc,338
pierw,336
wró,334
czu,325
kich,324
coś,322
uwa,322
szę,321
czas,321
czym,320
była,320
im,317
rzu,317
dłu,314
tów,314
baj,312
miast,312
bro,310
cji,308
wej,306
brze,305
łu,305
aloj,305
koń,303
żył,300
skie,299
zio,294
dził,293
lew,293
mam,292
fi,290
zwie,289
den,289
dru,289
szu,287
ścią,287
każ,286
dro,285
cej,285
wil,284
stro,283
stu,280
kil,276
wych,276
strze,275
gę,273
fa,270
kró,269
gdzie,268
żeby,267
gle,267
miesz,266
ność,266
jem,265
smu,265
moż,262
wię,262
bli,261
szyb,259
kach,259
tał,258
łał,255
tą,252
oka,252
mow,251
scy,251
czył,251
pe,251
domu,250
tek,250
mógł,250
rzekł,249
śla,247
ben,246
dzić,246
stał,245
miej,243
cież,239
wio,239
jo,239
zem,239
chu,238
oczy,238
być,234
aby,234
bos,233
waż,233
dać,232
żo,231
mniej,228
szą,228
sły,226
róż,226
lej,225
niech,225
stęp,224
bym,224
cą,220
chę,219
rę,219
stem,219
par,217
dem,217
ode,217
dza,214
oko,214
nam,214
aż,212
stwo,211
two,211
dwa,208
cię,208
man,208
ani,207
chłop,207
wra,206
lę,205
szcze,205
żad,204
nicz,204
sam,204
—,203
dzy,203
nek,203
wu,200
cych,199
ścia,198
wszy,198
rem,198
u,197
obo,197
kon,196
wiek,196
ciu,196
dzieć,195
kła,195
wym,195
uda,194
ter,194
czą,194
cał,193
szczę,193
gła,193
nem,193
kan,193
oj,193
rek,192
więk,191
opo,191
sił,190
szej,190
rzał,189
dła,188
spra,188
zi,187
rą,184
run,184
oraz,184
sku,184
sła,183
oso,183
dzą,183
były,183
żan,182
gry,182
tley,182
fo,182
dal,182
ser,181
wresz,181
men,180
zdo,179
łe,179
lek,178
dziej,178
dą,178
war,178
ha,178
gli,178
nił,177
znaj,177
ho,177
ala,176
kto,176
czyć,175
stwa,174
pli,174
czło,173
pół,173
star,172
gdyż,172
szedł,171
pły,171
szym,171
niż,171
czął,170
pla,170
pię,170
cę,169
wić,168
kład,168
gro,167
czer,165
ona,165
nić,165
kro,164
taj,163
dło,162
rzę,162
mój,161
szko,160
nież,160
lecz,160
dnia,159
an,158
sty,158
se,157
twa,157
bić,157
kiej,156
dow,156
dzę,156
szych,156
wią,155
al,154
zwa,154
szo,154
mat,153
dów,153
ostat,153
for,152
win,152
nikt,152
głu,152
nów,151
świa,151
dwóch,150
dob,149
mio,149
dli,148
pia,148
dzwo,147
albo,147
mar,146
łeś,146
skich,146
wol,146
uj,145
pta,144
kom,144
rych,144
cję,144
zda,144
szył,144
jow,143
kre,143
pięk,142
dok,142
spoj,142
sób,142
łow,142
lił,142
pę,141
tor,141
bia,141
tycz,141
kry,141
rzą,141
ciem,140
pła,140
świe,140
ciaż,140
tar,139
ban,139
zaś,139
stą,138
znów,137
zbli,137
czaj,137
kol,137
cić,137
chcia,136
dróż,136
mał,135
razu,135
parł,134
opa,133
ster,133
dziw,133
wsze,132
czte,132
czar,131
mal,131
wte,131
dzię,130
zdą,130
wca,130
gnął,129
ogó,129
pad,129
sobą,128
bił,128
tru,128
god,127
din,127
stać,127
tecz,127
szła,126
ciec,126
masz,126
chwy,125
taki,125
rzył,125
wro,124
moje,123
pięć,123
kar,122
nąć,122
daw,122
panu,122
tyle,122
obok,121
chło,121
sów,121
rząd,121
zał,121
krót,120
usta,120
będę,120
głę,120
zła,120
żyć,120
kać,120
gie,120
d,119
ar,119
gnie,119
cały,119
szło,119
gar,119
ucie,118
wło,118
chał,118
kał,117
dej,117
mogę,117
licz,117
łą,117
aka,117
mor,117
fan,116
póź,116
myśl,116
drzwi,116
lii,115
dwie,115
uczy,115
raź,114
piej,114
chi,114
skiej,114
uli,113
spraw,113
pal,113
gą,113
tać,113
siał,112
cem,112
jako,112
noc,112
fe,111
dek,111
moc,111
drze,111
rząt,111
flo,110
krzy,110
kło,110
sma,110
dzień,110
sne,110
tach,110
chem,110
śle,109
kwa,109
dziew,109
kiś,109
całą,109
żą,109
ple,108
zno,108
zwo,108
kle,108
oni,108
oba,108
krze,108
lą,107
lat,107
rwa,107
kaj,106
mło,106
gru,106
ad,106
męż,105
tan,105
ogro,105
łek,105
świ,105
swe,105
mę,105
otwo,105
czeń,105
bio,105
żej,104
tony,104
nach,104
chciał,104
now,104
resz,104
cio,104
spy,103
koś,103
pusz,103
czej,103
wach,103
tań,103
sce,103
kla,102
rwał,102
koj,102
por,102
sio,101
sama,101
stru,101
lał,101
łej,100
stę,100
czyn,100
rej,100
zdzi,100
oto,100
pań,99
kwia,99
wem,99
*,99
trud,99
was,99
sen,98
bab,98
bry,98
dząc,98
środ,98
piór,98
ską,98
przyj,98
far,98
ślał,98
lij,97
mil,97
rał,97
ogrom,96
zde,96
brzy,96
pił,96
chce,96
słoń,96
ojca,96
mieć,96
uro,96
szli,95
łych,95
pre,95
czek,95
mii,94
cja,94
dra,94
wam,94
try,94
kieś,94
nogi,94
dzio,94
dość,93
siaj,93
mnia,93
stat,92
wpa,92
spa,92
okrop,92
zbyt,92
zgo,92
mimo,92
iż,92
gły,92
cje,91
tel,91
wszel,91
dni,91
ran,91
bły,91
pil,91
ment,91
obu,90
góry,90
trwa,90
cym,90
rym,90
cier,90
chać,89
czał,89
wiąc,89
tłu,89
ziem,89
znacz,88
sal,88
wów,88
brał,88
wied,88
zmie,88
rat,88
ocze,88
rzo,88
żu,88
pło,88
wśród,87
mówi,87
wkrót,87
wody,87
uczo,87
strasz,87
goś,86
ciw,86
zia,86
wcze,86
nimi,85
głos,85
atra,85
obec,85
snął,85
łym,84
jął,84
świad,84
dwu,84
ner,84
pier,84
aku,83
śmie,83
wyj,83
zaj,83
ali,83
krę,83
ol,83
jaz,82
skrzy,82
wska,81
hi,81
tka,81
emu,81
krzyk,81
rzeć,81
ktoś,81
obej,80
ly,80
nii,80
zwró,80
całe,79
kur,79
dym,79
nasz,79
siu,79
bą,79
giej,78
pio,78
ślę,78
poza,78
bec,78
zor,78
ist,78
zja,77
mną,77
raj,77
cach,77
szał,77
gól,77
lec,77
tuż,77
wąt,77
śni,77
samo,77
zwi,77
twier,77
dziel,76
górę,76
tąd,76
wal,76
głem,76
biegł,76
urzą,76
wek,76
lić,76
opu,75
scho,75
znać,75
swój,75
lan,75
byli,74
usły,74
ile,74
obie,74
mul,74
szyć,74
inne,73
temu,73
znie,73
świę,73
wspa,72
gnę,72
mer,72
lep,72
trów,71
rękę,71
wód,71
lub,71
per,71
wość,71
pał,70
niał,70
sztu,70
tun,70
wiał,70
niec,69
trzeb,69
wtó,69
skąd,69
stop,69
mów,69
nocy,69
daj,69
klu,69
nor,69
blo,69
usi,69
ude,69
stwier,68
wiać,68
one,68
niach,68
mać,68
zga,68
wzro,68
kuch,68
cięż,67
ład,67
mą,67
zdu,67
gicz,67
zwał,67
fon,67
jaki,67
ti,67
dnie,66
be,66
wicz,66
mym,66
pią,66
rzecz,66
jek,66
trzech,66
musi,66
docz,66
skim,66
jeż,65
nał,65
łaś,65
zji,65
ana,65
wic,65
chód,65
chcę,65
gó,65
żar,65
znał,65
brać,65
stej,65
księ,65
steś,65
dach,65
ostroż,64
o'do,64
grze,64
spę,64
dziesz,64
śpie,64
spe,64
byś,64
sią,64
tęż,63
sca,63
król,63
cjal,63
ludz,63
moja,63
oby,63
pió,63
bla,63
dró,63
aga,63
łę,63
mamy,62
moim,62
dom,62
szep,62
wod,62
eu,62
piec,62
cen,61
or,61
rzyć,61
gał,61
trak,61
mają,61
dłem,61
tow,61
ogo,61
zdro,61
dat,61
śnia,61
dużo,61
opi,61
cząt,61
let,61
gów,60
bur,60
wspo,60
uśmie,60
zik,60
wczo,60
stron,60
twarz,60
skła,60
wzglę,60
mego,60
kój,60
wciąż,59
śnił,59
trzę,59
żał,59
sić,59
żół,59
rano,59
sied,59
dam,59
zmę,59
głów,58
ręce,58
chęt,58
niósł,58
lem,58
gach,58
dzin,58
wpraw,58
dnio,58
zwra,58
cór,58
strza,58
cała,58
mniał,58
rać,58
pry,58
gna,58
nos,58
dwo,58
dża,57
pać,57
hu,57
taka,57
mało,57
wierz,57
tron,57
taką,57
sześć,56
śniej,56
uży,56
der,56
prę,56
cząc,56
trza,56
nien,56
parę,56
sil,56
scu,56
wzię,55
ciel,55
roku,55
port,55
nami,55
schwy,55
otrzy,54
grać,54
skał,54
pój,54
stąd,54
zresz,54
oświad,54
ura,54
skoń,54
źle,54
dzien,54
ściu,54
robi,54
razy,54
mru,54
siąt,54
zbie,53
ścić,53
łóż,53
snę,53
staw,53
ron,53
zba,53
pró,53
oku,53
fu,53
umy,53
cet,53
wprost,52
uka,52
lazł,52
cać,52
zmar,52
clark,52
cyj,52
miem,52
dziec,52
wiec,52
chwa,52
idzie,51
sną,51
ciot,51
zoo,51
lów,51
łącz,51
­wa,51
pies,51
mej,51
szklan,51
rach,51
kań,51
zim,51
szka,51
szem,51
wraz,50
uspo,50
ubra,50
ada,50
usz,50
ił,50
abe,50
ręką,50
ofia,50
bię,49
łap,49
osiem,49
sę,49
okrę,49
ścił,49
car,49
tri,49
lip,49
dłuż,49
wyż,49
trzu,49
giem,49
chaw,49
wiesz,49
uczu,49
rii,49
istot,48
leźć,48
niecz,48
moi,48
mruk,48
jaj,48
wzru,48
pić,48
kły,48
chiń,48
oczu,48
będą,48
otóż,48
zdol,48
obiad,48
ina,47
kaś,47
srebr,47
mysz,47
oglą,47
obra,47
ogar,47
swych,47
chod,47
znam,47
opie,47
żyw,47
szam,47
słusz,46
sali,46
trą,46
koło,46
snu,46
boże,46
wiedz,46
stan,46
laz,46
lut,46
trzeć,46
oznaj,46
pach,46
kor,45
gim,45
spie,45
tła,45
mnó,45
kół,45
cóż,45
dziu,45
ław,45
krot,45
smut,45
toń,45
leź,45
spró,45
bre,45
umie,44
fru,44
bel,44
opusz,44
cer,44
snym,44
wtrą,44
przej,44
am,44
ral,44
lach,44
ria,44
książ,44
dia,44
stym,44
ukry,44
gór,44
drob,44
słów,44
upo,43
wes,43
czuł,43
wier,43
żyje,43
chaj,43
głod,43
zje,43
skó,43
jola,43
śnię,43
zmy,43
strzegł,43
pol,43
skar,42
fił,42
mogą,42
tle,42
rak,42
bul,42
ane,42
leń,42
brak,42
śred,42
trzył,42
wat,42
twie,42
ule,42
ryb,42
dziś,42
klat,42
grzecz,42
tli,42
tosi,42
jów,42
tuś,42
sny,42
wspól,42
szły,41
skal,41
wor,41
cją,41
ryk,41
wta,41
mięt,41
sna,41
dys,41
szek,41
ciał,41
gdzieś,41
wierzch,41
dwaj,41
nowe,41
ozna,41
czyk,41
uno,41
ślicz,41
zę,40
dzej,40
osta,40
śro,40
dły,40
legł,40
nać,40
acji,40
zbu,40
mon,40
zej,40
owo,40
cząć,40
ogni,40
ak,40
tło,40
czwar,40
kac,40
pacz,39
celu,39
wid,39
żab,39
lata,39
ge,39
łań,39
nell,39
dwór,39
łość,39
niać,39
ciej,39
woj,39
zów,39
zmu,39
stych,39
dół,39
kli,39
dzisz,39
dyn,39
wien,39
usiadł,39
mych,39
gad,39
lud,39
mem,38
złe,38
piecz,38
ró,38
ryw,38
afry,38
odro,38
zać,38
inny,38
row,38
kat,38
chow,38
sać,38
oczach,38
nel,38
usza,38
psy,38
łów,38
mach,38
uło,37
skiem,37
rech,37
jaź,37
lać,37
sno,37
gwał,37
żę,37
lia,37
bem,37
nosa,37
rzem,37
drzew,37
mił,37
swej,37
dzał,37
wstrzy,37
rzad,37
wacz,37
fla,37
drow,37
sach,37
gnio,37
śmier,37
ził,37
sad,37
moją,37
małe,37
twi,37
ow,36
słem,36
dniu,36
koni,36
spać,36
miar,36
tleya,36
otwar,36
nut,36
szkla,36
ocho,36
gać,36
speł,36
przede,36
rwać,36
śleć,36
woda,36
mknę,36
padł,36
rzeń,36
błą,36
wnę,36
cow,36
ke,36
stoi,36
acz,36
waw,36
eks,36
kot,36
ogrod,35
sąd,35
zmier,35
kłe,35
wcho,35
ślił,35
wpra,35
ener,35
dzać,35
siły,35
sztucz,35
czór,35
kun,35
oce,35
stycz,35
ciąg,35
twój,35
gor,35
sząc,35
syna,35
owa,35
czać,35
bał,35
ust,35
nac,34
wiąz,34
com,34
ściach,34
stwie,34
wziął,34
sał,34
ogól,34
pięt,34
weł,34
paj,34
głe,34
kal,34
kształ,34
wsta,34
kimś,34
ręki,34
ścio,34
tchnie,34
set,34
suk,34
kam,34
bią,34
becz,34
zić,34
rwy,34
wiatr,34
ucha,33
rien,33
wdzięcz,33
zer,33
mknię,33
fia,33
och,33
zen,33
kąd,33
niby,33
głup,33
okna,33
darz,33
śmiał,33
fii,33
stwi,33
kłem,33
gniew,33
śmia,33
liń,33
strzel,33
otwie,33
chodź,33
zek,33
sur,33
ruch,33
ciół,33
wrzu,33
ucho,33
znik,33
trzo,33
spod,33
szczy,33
deł,32
udział,32
afe,32
mąż,32
dar,32
okno,32
rącz,32
mość,32
zręcz,32
wodą,32
miasz,32
usia,32
wręcz,32
dźwię,32
bacz,32
wście,32
sek,32
uko,32
służ,32
sun,32
czych,32
ape,32
elek,32
kru,32
zyk,32
ite,32
umó,32
uzna,32
bal,32
imię,32
dług,32
ele,32
mle,31
kąś,31
same,31
laj,31
nieść,31
rąk,31
giel,31
wschod,31
wszedł,31
che,31
życz,31
hor,31
jąć,31
część,31
jeź,31
dłoń,31
gnię,31
okrą,31
sięć,31
gnąć,31
szan,31
punk,31
duże,31
sow,31
tur,31
ryby,31
chmu,31
bądź,31
wrza,31
rio,31
czter,30
mel,30
zgi,30
psu,30
whi,30
lei,30
bek,30
jąt,30
sznu,30
jecz,30
twy,30
żeń,30
osią,30
kop,30
ulu,30
sky,30
doc,30
gną,30
kow,30
skle,30
waj,30
bliż,30
upra,30
sami,30
mro,30
uśmiech,30
lim,30
groź,30
kaw,30
musz,30
żesz,30
zję,30
ler,30
lio,30
mnieć,29
jeźdź,29
sprzę,29
wpły,29
grał,29
maj,29
szó,29
jach,29
stek,29
gniaz,29
czyź,29
psa,29
czyń,29
broń,29
snej,29
zre,29
ocza,29
udzia,29
zgod,29
siad,29
zwią,29
łowy,29
bru,29
len,29
ble,29
pcha,29
świat,29
twar,29
mur,28
desz,28
del,28
ur,28
znak,28
tość,28
gla,28
twe,28
dusz,28
rię,28
okręt,28
kłą,28
rad,28
szczyt,28
czem,28
piał,28
ukła,28
wrot,28
oszo,28
odło,28
cjo,28
łecz,28
bło,28
tre,28
stoj,28
ram,28
stwem,28
szar,28
nal,28
lot,28
kość,27
syć,27
zny,27
decz,27
bów,27
śród,27
gwiz,27
wóz,27
dziei,27
okiem,27
mot,27
uważ,27
gość,27
cześć,27
step,27
geo,27
dwój,27
osob,27
ślo,27
sja,27
omal,27
rań,27
bła,27
kwi,27
ogon,27
pem,27
zgód,27
isto,27
nogę,27
skom,27
skać,27
upa,27
współ,27
klę,27
udzie,27
chle,27
woli,27
ołó,26
sisz,26
zgu,26
obia,26
pen,26
kraj,26
uwie,26
okien,26
fre,26
mały,26
nowy,26
szpi,26
bój,26
zien,26
trans,26
śno,26
złem,26
lor,26
kosz,26
tal,26
wszę,26
bier,26
wpadł,26
furt,26
edzio,26
barw,26
pot,26
chry,26
sprę,26
chcesz,26
wład,26
duży,26
lal,26
unie,26
zgro,26
dużą,26
młod,26
lam,26
kogo,26
jutrz,26
żać,26
sk,26
zmia,26
owe,26
uzy,26
mknął,26
idio,26
łach,25
gich,25
wzbu,25
tram,25
ić,25
wscho,25
dzian,25
uszy,25
zły,25
wzrok,25
siąc,25
rana,25
ależ,25
tknę,25
zle,25
dołu,25
guma,25
ota,25
nóż,25
chra,25
przód,25
wiedź,25
kul,25
jał,25
pomp,25
ciach,25
tymi,25
sarz,25
płe,25
reb,25
zni,25
stół,25
zan,25
net,25
gnał,25
pory,25
omi,25
dziób,25
necz,25
bied,25
wer,25
wszech,25
skra,25
wstrzą,25
'e,25
snąć,24
zdra,24
dle,24
uczest,24
nen,24
uczył,24
upar,24
drę,24
ręcz,24
żym,24
krza,24
ściem,24
mięć,24
baw,24
glu,24
tchnął,24
mić,24
nar,24
uczci,24
bień,24
drzej,24
iść,24
żer,24
plo,24
spek,24
emo,24
itych,24
dry,24
wróż,24
imie,24
wnętrz,24
uprzej,24
ogra,24
bać,24
tacy,24
cham,24
zra,24
drów,24
szpa,24
dziur,24
ów,24
mią,24
twor,24
wzdłuż,24
spro,24
ściusz,23
sor,23
chó,23
gen,23
wstą,23
cam,23
okre,23
umo,23
siadł,23
kwiat,23
przo,23
nóg,23
tobą,23
czap,23
grys,23
skro,23
swą,23
nada,23
szeć,23
tarł,23
lada,23
ber,23
ostrze,23
stry,23
siłą,23
plą,23
szość,23
umia,23
jęt,23
mała,23
trój,23
pójść,23
śpią,23
leży,23
utrzy,23
dum,23
son,23
ślin,23
obaj,23
siej,23
nowo,22
doj,22
lak,22
wiam,22
uczuć,22
fakt,22
szczu,22
miu,22
clar,22
kier,22
czyzn,22
rąb,22
ludź,22
chą,22
bok,22
uści,22
saw,22
spły,22
oży,22
wziąć,22
mknąć,22
zbęd,22
uszko,22
grą,22
ciecz,22
mysł,22
spodo,22
żaby,22
pó,22
cien,22
zwłasz,22
klucz,22
weź,22
­mi,22
jaką,22
spi,22
pów,22
bach,22
szać,22
czci,22
lon,22
pial,22
choć,22
paw,22
sji,22
wsty,22
kasz,22
nial,22
świet,22
apa,22
osie,22
ulgi,21
głód,21
fię,21
ogród,21
uła,21
nogą,21
szer,21
pam,21
wszak,21
rusz,21
rany,21
osób,21
wpro,21
buj,21
upodo,21
jeść,21
pony,21
lewą,21
uni,21
żona,21
nit,21
gal,21
buch,21
uciecz,21
męża,21
swym,21
wnątrz,21
żal,21
wle,21
mion,21
lar,21
byle,21
zną,21
pocz,21
ciń,21
opar,21
próż,21
ustan,21
rady,21
skrom,21
wzią,21
łać,20
ślu,20
błysz,20
wsku,20
bocz,20
miąt,20
sier,20
mun,20
glo,20
czam,20
szarp,20
mier,20
jać,20
umiał,20
czeć,20
usu,20
okrzy,20
sycz,20
ręka,20
prosz,20
dziad,20
cel,20
stam,20
dwor,20
joli,20
res,20
boku,20
siód,20
mac,20
wieść,20
kurt,20
tol,20
mór,20
słyn,20
struk,20
ręku,20
obrzy,20
gwiaz,20
samą,20
ksią,20
ścin,20
draż,20
czymś,20
­go,20
krew,20
lasu,20
rzej,20
narz,20
upły,20
wodę,20
nisz,19
dała,19
sym,19
dże,19
proś,19
past,19
trycz,19
sznur,19
zdję,19
szeń,19
wstręt,19
jaw,19
czyż,19
śmiesz,19
rost,19
unik,19
ląd,19
udał,19
cik,19
tyw,19
mień,19
reks,19
ilu,19
bam,19
pież,19
trzą,19
żek,19
skru,19
pak,19
kiet,19
chcą,19
trz,19
móc,19
niom,19
bywa,19
zum,19
her,19
głąb,19
głość,19
ren,19
oszu,19
cąc,19
fak,19
dan,19
lin,19
ucze,19
bisz,19
człon,19
oca,19
wań,19
wza,19
klo,19
skach,19
ziu,19
gno,19
ilość,19
kaz,19
żonę,19
osa,19
fale,19
ap,19
chów,19
trząc,19
spodni,19
fy,19
wstał,18
kret,18
brą,18
alam,18
ewen,18
ab,18
cisz,18
umiesz,18
uwol,18
błę,18
­le,18
szaj,18
ono,18
chcąc,18
sprze,18
chęć,18
grę,18
wdzię,18
kryw,18
włócz,18
śne,18
wsia,18
có,18
kieł,18
wami,18
ostro,18
wpół,18
hał,18
zym,18
nową,18
psie,18
recz,18
­wie,18
cew,18
brzu,18
zul,18
kury,18
tkwi,18
słał,18
daje,18
ofi,18
szkód,18
krzyw,18
szren,18
wschód,18
ochło,18
szkol,18
traw,18
gan,18
twić,18
tchnę,18
spał,18
ufa,18
tknął,17
twiej,17
upie,17
halo,17
grzbie,17
chro,17
pas,17
rok,17
oczom,17
acja,17
gur,17
zli,17
wrót,17
śmierć,17
mian,17
strój,17
syn,17
jaka,17
krą,17
fir,17
lądu,17
tknię,17
wyjść,17
kit,17
łzy,17
zel,17
uczniów,17
niedź,17
dali,17
gon,17
dniach,17
laty,17
chcie,17
przyjść,17
fel,17
ojcu,17
blicz,17
kształt,17
stów,17
mno,17
kiw,17
drzwiach,17
dba,17
inni,17
psów,17
bod,17
uma,17
dur,17
włó,17
zwę,17
izby,17
ćwir,17
zą,17
sens,17
baby,17
plu,17
las,17
chli,17
guł,17
lię,17
tech,17
lisz,17
dak,17
drgnę,17
twór,17
brzę,16
marsz,16
plan,16
rom,16
dzwon,16
orze,16
zwin,16
siat,16
pręd,16
dzior,16
noż,16
wspi,16
chym,16
wje,16
małą,16
czwo,16
kak,16
dąc,16
wiu,16
spusz,16
obcy,16
dniem,16
kota,16
strach,16
ogłu,16
pust,16
droż,16
san,16
umiem,16
wasz,16
rzam,16
pul,16
płyn,16
znę,16
prztyk,16
strzy,16
drew,16
trzej,16
gąsz,16
plet,16
dole,16
bior,16
wstę,16
nat,16
liz,16
utwo,16
drzwia,16
udo,16
oświe,16
leci,16
niut,16
cień,16
ii,16
dech,16
wan,16
dziach,16
stość,16
zęby,16
słow,16
owi,16
dzaj,16
rzec,16
twia,16
zby,16
paru,16
gorz,16
rąc,16
zar,16
uru,16
uprze,16
fra,15
pasz,15
ryt,15
nost,15
mięk,15
zon,15
ścież,15
smacz,15
nom,15
wzgórz,15
abym,15
sław,15
jur,15
dio,15
wrzesz,15
włą,15
nur,15
ficz,15
nizm,15
gęś,15
gam,15
smęt,15
cuch,15
hop,15
kacz,15
oboj,15
imi,15
most,15
­mek,15
ściej,15
szla,15
pień,15
mien,15
uf,15
wina,15
rząc,15
wolę,15
salę,15
bin,15
sik,15
bród,15
kąt,15
jarz,15
orien,15
rur,15
dzeń,15
utra,15
osza,15
śląc,15
biu,15
udać,15
zmo,15
mowy,15
sok,15
chru,15
los,15
­nie,15
śnieg,15
śnym,14
leż,14
ację,14
kin,14
stóp,14
bań,14
chach,14
krył,14
gii,14
dyt,14
twio,14
faj,14
sprzy,14
łące,14
teł,14
idę,14
kart,14
cek,14
stuś,14
śnić,14
stii,14
wiad,14
daję,14
gnąc,14
róża,14
losu,14
ugo,14
pary,14
żecz,14
wsiadł,14
drą,14
gąc,14
trie,14
radę,14
raju,14
ukło,14
stud,14
myk,14
mył,14
paść,14
tlę,14
dźwi,14
zus,14
gaw,14
­wi,14
czal,14
racz,14
uga,14
zza,14
pą,14
wiecz,14
czysz,14
noga,14
patrz,14
nan,14
kasy,14
woła,14
cieć,14
skę,14
dasz,14
brzmia,14
straż,14
ole,14
głych,14
ukra,14
bit,14
­wo,14
skli,14
byt,14
hej,14
dzial,14
les,14
łocz,14
błysk,14
rie,14
łó,14
wkro,14
cznie,14
siła,14
­ją,14
wuj,14
żony,14
sturt,14
arab,14
kawę,14
huk,13
­da,13
dzam,13
wozy,13
łąkę,13
skło,13
zdy,13
pisz,13
ryn,13
uczyć,13
znasz,13
sco,13
plac,13
kłych,13
brwi,13
fie,13
miło,13
dut,13
gląd,13
ukoń,13
zycz,13
bieg,13
stecz,13
tasz,13
­w,13
aba,13
płat,13
osad,13
chła,13
zgłu,13
eg,13
ustach,13
dało,13
wbrew,13
śliw,13
jemu,13
chłod,13
tyłu,13
sre,13
mni,13
han,13
zmniej,13
smak,13
pysz,13
obóz,13
słych,13
tyn,13
damy,13
rzom,13
skrob,13
sków,13
uświa,13
ślisz,13
wrę,13
zgrzy,13
gnieź,13
unio,13
­li,13
ciął,13
sro,13
tlo,13
dzik,13
spóź,13
chleb,13
much,13
reszt,13
tkał,13
sję,13
ulgą,13
pchnął,13
uchy,13
jezd,13
rycz,13
ory,13
żywo,13
zdjął,13
hm,13
wdra,13
ucznio,13
duk,13
ant,13
lun,13
strem,13
dzel,13
prócz,13
ago,13
klar,13
ata,13
jęć,13
grzy,13
ugal,12
upew,12
gnać,12
zbo,12
owiec,12
wot,12
hie,12
lik,12
tedy,12
cim,12
bud,12
śru,12
mnik,12
idiot,12
uprzed,12
tyt,12
skór,12
pej,12
snych,12
świec,12
otu,12
śpiesz,12
ujął,12
biań,12
metr,12
gwiazd,12
biej,12
­ga,12
ołów,12
pęk,12
poń,12
żyt,12
łeb,12
czuj,12
niów,12
wtór,12
ląc,12
grzbiet,12
głą,12
złą,12
zry,12
tat,12
piel,12
dlo,12
umysł,12
dań,12
luk,12
wilk,12
stynkt,12
schro,12
blon,12
chet,12
fry,12
kłu,12
ognia,12
ton,12
uwiel,12
rzysz,12
chci,12
dziob,12
ker,12
awan,12
zupa,12
ekra,12
chmur,12
ślą,12
rzon,12
ośmie,12
ide,12
lom,12
urwa,12
dłeś,12
buty,12
dejrz,12
zach,12
idź,12
nier,12
dran,12
lubi,12
hin,12
głym,12
it,12
żem,12
bursz,12
imio,12
ocie,12
oprócz,12
bólu,12
dyś,12
mit,12
żale,12
rób,11
iła,11
niąc,11
trzeź,11
rolę,11
s,11
funk,11
brud,11
szkieł,11
rod,11
pur,11
wień,11
orzekł,11
wik,11
apo,11
dych,11
zsu,11
chust,11
zma,11
park,11
łup,11
ozdo,11
bom,11
gdyś,11
fio,11
gadł,11
kuś,11
śmi,11
żych,11
kłó,11
dżał,11
żasz,11
jam,11
złość,11
fart,11
opę,11
związ,11
oswo,11
lśnią,11
skan,11
gnal,11
cof,11
tłum,11
śnień,11
tkać,11
dzba,11
tó,11
dun,11
­my,11
złu,11
­po,11
rią,11
syl,11
koi,11
zjadł,11
stoł,11
szkła,11
opra,11
piąc,11
chmie,11
kryć,11
tuj,11
klon,11
jaja,11
uca,11
gram,11
sność,11
hyc,11
­wał,11
scach,11
pola,11
deszcz,11
­na,11
pasa,11
mkną,11
ślić,11
kwot,11
uciąż,11
szma,11
ces,11
stań,11
duża,11
wnio,11
żam,11
koł,11
dzież,11
okrzyk,11
niesz,11
polu,11
pis,11
idą,11
uwi,11
osła,11
żon,11
obe,11
krzą,11
sich,11
nieć,11
tarz,11
uką,11
kłym,11
ptak,11
trek,11
apar,11
życ,11
dii,11
busz,11
nasi,11
fić,11
sar,11
miot,11
znaw,11
bor,11
prak,11
obiet,11
stre,11
tral,10
zwrot,10
trium,10
wisz,10
nosz,10
izbie,10
zwól,10
nień,10
mapę,10
omó,10
zupy,10
larz,10
kó,10
blio,10
szyn,10
lit,10
fur,10
­ro,10
kund,10
cup,10
szyi,10
zyj,10
skwa,10
ssa,10
piąt,10
ryj,10
lecą,10
zdar,10
grup,10
wbi,10
szłość,10
względ,10
opła,10
łac,10
byl,10
góra,10
inna,10
mgnie,10
wejść,10
wróć,10
­nia,10
log,10
klien,10
inną,10
wsu,10
czość,10
uszczę,10
przę,10
łza,10
spadł,10
ciom,10
wjeż,10
znisz,10
syw,10
czur,10
wit,10
got,10
wsko,10
żaj,10
b,10
obi,10
dol,10
wpad,10
chut,10
okres,10
sztuk,10
idąc,10
mos,10
szłej,10
bóg,10
ilo,10
uroz,10
dep,10
at,10
śmiet,10
sob,10
kwe,10
ptasz,10
zam,10
piesz,10
ara,10
klech,10
spół,10
wzno,10
alek,10
lody,10
ubie,10
ganc,10
jazd,10
dziom,10
fał,10
chun,10
żyją,10
gun,10
śmiech,10
liny,10
ury,10
mij,10
szach,10
kiejś,10
cher,10
dźwięk,10
cenę,10
lerz,10
brzeg,10
boję,10
sadz,10
czat,10
zię,10
tla,10
flek,10
usa,10
­jąc,10
uci,10
bot,9
uniósł,9
splu,9
stur,9
odzie,9
brodz,9
boi,9
domy,9
miec,9
opróż,9
łyż,9
aha,9
mózg,9
ostry,9
szef,9
tik,9
en,9
­łem,9
­czy,9
swy,9
styl,9
znikł,9
fisz,9
dżen,9
agre,9
gul,9
gód,9
­tych,9
ukryć,9
łal,9
riot,9
sjer,9
wiar,9
dno,9
owym,9
głam,9
chlu,9
zgry,9
skrze,9
­sta,9
koła,9
tknąć,9
zbi,9
szmat,9
brzmiał,9
uczeń,9
gąszcz,9
skok,9
­lij,9
płu,9
łen,9
użyt,9
usiąść,9
ośmiu,9
skut,9
kłę,9
kura,9
pek,9
spu,9
nieś,9
żów,9
uto,9
­dzie,9
lewo,9
dłach,9
kłej,9
bun,9
huś,9
dacz,9
oprzy,9
rzach,9
brzuch,9
wiózł,9
miną,9
ubo,9
komu,9
wznie,9
tret,9
ujaw,9
­niem,9
darł,9
kłość,9
oli,9
owoc,9
zwać,9
więć,9
łąki,9
wsie,9
śpi,9
uspra,9
uchem,9
­no,9
trosz,9
szans,9
urzę,9
szysz,9
zjeść,9
boki,9
syk,9
jac,9
strzec,9
szlag,9
ludu,9
szom,9
spód,9
karę,9
grom,9
wda,9
dejść,9
­nych,9
żaba,9
łódź,9
piw,9
gut,9
sąc,9
szłam,9
skrę,9
koty,9
budy,9
chły,9
usie,9
zwłocz,9
sztyw,9
śmiać,9
wstyd,9
lusz,9
otrzą,9
pom,9
ili,9
wsi,9
błęd,9
niam,9
psi,9
tys,9
fli,9
grun,9
dud,9
łapy,9
phil,9
chen,9
uszo,9
cjach,9
zdej,9
abec,9
grub,9
dwó,9
sub,9
psem,9
utrwa,9
trem,9
l­mow,9
gwa,9
mak,9
ambo,9
drżą,8
ken,8
ryba,8
psim,8
stwu,8
wzo,8
tekst,8
śrub,8
spodnie,8
spójrz,8
irka,8
pepa,8
ść,8
bór,8
biać,8
wul,8
szes,8
ogień,8
czkaw,8
nosi,8
głej,8
sień,8
jen,8
uzgod,8
zbrod,8
igli,8
dumą,8
burz,8
piać,8
śnik,8
czów,8
­rze,8
kost,8
szyk,8
cep,8
puk,8
­jow,8
uprzy,8
ryś,8
upal,8
fil,8
łknąć,8
okry,8
bież,8
fred,8
yo,8
kawy,8
syj,8
baba,8
list,8
­wy,8
znu,8
trwał,8
uszu,8
drgnął,8
ame,8
skład,8
kne,8
uciec,8
wiaj,8
fę,8
śnio,8
ukę,8
wpu,8
kawa,8
brzmie,8
roż,8
goń,8
zero,8
cusz,8
słod,8
stor,8
źró,8
dżo,8
mich,8
wkła,8
skon,8
schod,8
iku,8
ślach,8
wiódł,8
fią,8
umarł,8
wietrz,8
żyn,8
cich,8
ślad,8
twę,8
plat,8
rasz,8
bron,8
jada,8
oknach,8
ano,8
ciąć,8
chal,8
gwizd,8
mad,8
otwór,8
sfor,8
cian,8
oże,8
wpaść,8
ogło,8
teo,8
dre,8
bog,8
któż,8
pyłu,8
uki,8
płych,8
obro,8
węd,8
­do,8
­rzy,8
hol,8
owce,8
­kiem,8
płasz,8
cyr,8
adam,8
iły,8
wzy,8
blem,8
­cze,8
czwór,8
n­gu,8
piła,8
twą,8
ćwi,8
drzwicz,8
ola,8
soku,8
róży,8
szkie,8
­sza,8
ito,8
nowa,8
szłym,8
oparł,8
gac,8
wdzie,8
ustą,8
psuć,8
jasz,8
skarb,8
zwol,8
osłu,8
tyc,8
iło,8
takt,8
ach,8
urzęd,8
pyta,8
brat,8
smo,8
anu,8
żywy,8
szpak,8
uzbro,8
toby,8
chyl,8
boga,8
zrów,8
piął,8
kel,8
chwia,8
trać,8
szycz,8
rwie,8
męt,8
gią,8
zwle,8
dzią,8
sol,8
odejść,8
płach,8
tły,8
osło,8
znań,8
upał,8
obraź,8
tłem,8
kien,8
śnież,8
śny,8
­ta,8
wzrost,8
nąw,8
memu,8
pole,8
żywe,8
śpię,8
kwit,8
,7
mowę,7
wzmo,7
rzać,7
uja,7
­mie,7
sfru,7
zrób,7
rocz,7
zją,7
muru,7
upadł,7
wpi,7
wnie,7
mamo,7
fal,7
sprzą,7
krwa,7
garn,7
zó,7
kiel,7
szal,7
zima,7
swa,7
pącz,7
uwię,7
gęsi,7
miau,7
em,7
czuć,7
rzeź,7
rzyn,7
rada,7
bliź,7
rogu,7
ulo,7
aro,7
tusz,7
aże,7
łok,7
tręc,7
ósmej,7
żysz,7
hymn,7
trzesz,7
des,7
sprzed,7
s­man,7
jęk,7
zup,7
opis,7
gład,7
drga,7
szel,7
utrud,7
­gi,7
kąta,7
ostre,7
uciek,7
nusz,7
uszem,7
wziąw,7
olej,7
żoną,7
igły,7
udziel,7
pada,7
martw,7
staj,7
żąc,7
­ja,7
gwałt,7
–,7
muś,7
ope,7
szczęt,7
zwal,7
stuk,7
szcza,7
uzmy,7
strych,7
ośle,7
bierz,7
zwia,7
żoł,7
­te,7
lic,7
­bie,7
owych,7
świń,7
strów,7
wom,7
trum,7
opór,7
blu,7
tse,7
szów,7
naw,7
p,7
glik,7
mrok,7
mim,7
umar,7
micz,7
zmierz,7
toś,7
nade,7
tuł,7
tylu,7
rzaw,7
­mo,7
asia,7
­ka,7
szłaś,7
grzę,7
klom,7
ścioch,7
wspiął,7
he,7
miel,7
traf,7
gat,7
uciekł,7
siłę,7
para,7
skaw,7
świer,7
chlup,7
porę,7
biąc,7
lant,7
ową,7
biur,7
kara,7
strę,7
pri,7
wpusz,7
atrak,7
lato,7
jom,7
pora,7
żant,7
grand,7
umiar,7
zwą,7
­ków,7
seł,7
brem,7
ras,7
jan,7
idu,7
gent,7
strzę,7
apro,7
oknem,7
słe,7
zgor,7
lest,7
grzmo,7
zosi,7
cin,7
plam,7
precz,7
uzu,7
przejść,7
spło,7
krat,7
dlę,7
łaj,7
dycz,7
zrzu,7
pietr,7
chot,7
omyl,7
skłon,7
pieprz,7
sala,7
fau,7
gni,7
maz,7
nij,7
fem,7
tyzm,7
odzia,7
nosy,7
oszklo,7
brzeż,7
peć,7
alp,7
pug,7
fala,7
szczur,7
gdzież,7
płot,7
wzbo,7
xxix,7
­wać,7
śniał,7
zgłod,7
ukrył,7
śled,7
miąc,7
noce,7
ojej,7
ogół,7
ofiar,7
krok,7
ogrze,7
ucznia,7
grza,7
chwyt,7
zwło,7
jaźń,7
nud,6
ściel,6
kula,6
obaw,6
czak,6
cjant,6
słań,6
min,6
znio,6
ścian,6
wzbi,6
krzyż,6
gnu,6
boli,6
jadę,6
jącz,6
ch­miast,6
skow,6
wino,6
mra,6
­wę,6
zmian,6
dna,6
brych,6
stos,6
uchro,6
drans,6
jadł,6
zioł,6
szept,6
ceu,6
wysp,6
­ca,6
brym,6
chma,6
zbio,6
ire,6
bank,6
ślać,6
oknie,6
tkli,6
bość,6
o’do,6
biec,6
serw,6
wplą,6
rzyj,6
dlu,6
­by,6
­ży,6
tchu,6
myli,6
gębę,6
ekran,6
oło,6
r,6
king,6
gom,6
strzał,6
spre,6
prz,6
cip,6
głeś,6
kichś,6
toru,6
wcza,6
rzek,6
pysk,6
fik,6
krad,6
rium,6
chrząk,6
charz,6
ślub,6
ostrym,6
omiesz,6
zard,6
asy,6
zgar,6
adaś,6
gumę,6
stad,6
jeń,6
pchnę,6
uchwy,6
dżun,6
umoż,6
biazg,6
psuł,6
siwy,6
zdwo,6
sung,6
ścier,6
biet,6
­ma,6
zmą,6
sale,6
zgrab,6
trwo,6
niek,6
szpo,6
icie,6
ćwier,6
bó,6
kiec,6
kark,6
uwią,6
zwisk,6
won,6
mama,6
buł,6
szłe,6
stępstw,6
szon,6
imy,6
uczyn,6
szat,6
bred,6
stach,6
wart,6
rość,6
nici,6
tacę,6
wtem,6
olśnie,6
syp,6
­lo,6
skryt,6
gada,6
zgrzyt,6
­ra,6
bon,6
zjer,6
kurs,6
paź,6
ród,6
garść,6
wiór,6
sim,6
wali,6
twiał,6
upu,6
klam,6
trąb,6
­me,6
trop,6
krwi,6
jolę,6
isko,6
siedz,6
ham,6
dął,6
wak,6
snem,6
gaz,6
skur,6
bus,6
hip,6
wsą,6
caj,6
ręb,6
niarz,6
czai,6
sklę,6
aresz,6
wark,6
spor,6
otarł,6
ochro,6
czor,6
mrk,6
trzask,6
ot,6
ejże,6
wrą,6
low,6
kwo,6
ukrad,6
slan,6
rasy,6
pasy,6
zł,6
kard,6
lizm,6
sęp,6
użyć,6
­la,6
wiej,6
can,6
har,6
iłem,6
sep,6
­ła,6
onie,6
sió,6
wąż,6
łknął,6
­pa,6
pecz,6
lśni,6
wieź,6
odej,6
­pie,6
płót,6
cech,6
fle,6
bak,6
beze,6
renc,6
fer,6
uczę,6
pchać,6
treść,6
oma,6
ej,6
wieźć,6
inie,6
msty,6
brzmi,6
łkną,6
żerdź,6
wzgó,6
cud,6
róże,6
­py,6
od­parł,6
styn,6
usnął,6
tul,6
zmem,6
póki,6
bert,6
sme,6
chla,6
rzyst,6
sten,6
milkł,6
chwal,6
żalu,6
łąd,6
majt,5
puż,5
wmó,5
rwą,5
siem,5
flasz,5
ock,5
lecę,5
użył,5
dię,5
ciut,5
piasz,5
ubrał,5
okra,5
blask,5
ślasz,5
ufać,5
ś­nie,5
czub,5
­k,5
mik,5
wtycz,5
śledz,5
jer,5
tią,5
bich,5
zeum,5
wozu,5
rzew,5
uba,5
kum,5
ścien,5
hochsz,5
marł,5
zmro,5
ściut,5
chył,5
pchnię,5
bęc,5
­ne,5
naja,5
upięk,5
stłu,5
niak,5
­stęp,5
olę,5
twem,5
l,5
płeć,5
zwięk,5
jar,5
krup,5
rzut,5
wstęp,5
hań,5
szczer,5
gnam,5
szum,5
dzierz,5
noże,5
babę,5
osu,5
ceń,5
zór,5
bow,5
trwać,5
chrząsz,5
lag,5
gip,5
pel,5
płci,5
­rzę,5
echo,5
efek,5
smy,5
taw,5
wdar,5
czmych,5
rzan,5
dwoj,5
­ci,5
oho,5
­raz,5
glii,5
dzieł,5
char,5
sion,5
stau,5
wcią,5
urząd,5
drzeć,5
wdy,5
lnu,5
daż,5
grzyb,5
drep,5
dymu,5
kap,5
wir,5
naj­więk,5
szpil,5
łąka,5
e,5
dżin,5
płyt,5
urze,5
ustra,5
hur,5
wci,5
zdrów,5
śniew,5
szast,5
ico,5
dmu,5
um,5
urwał,5
kuli,5
pso,5
tkwić,5
księż,5
piły,5
pich,5
rot,5
próg,5
żwa,5
hym,5
słup,5
tręt,5
śpiew,5
wąsy,5
gia,5
­nen,5
miny,5
mury,5
wrząt,5
dziń,5
zbyć,5
zysk,5
szczęk,5
leżą,5
fro,5
­tem,5
hali,5
mróz,5
brej,5
tkwią,5
mścić,5
wó,5
lid,5
nuj,5
dżać,5
­dzi,5
wecz,5
ząb,5
thom,5
szcząt,5
iden,5
drwal,5
dobę,5
klęk,5
kładł,5
ziar,5
skrzyn,5
frag,5
dżą,5
­czo,5
mylę,5
usłu,5
psiej,5
zbiór,5
kić,5
­bez,5
mocy,5
plom,5
opóź,5
tap,5
mistrz,5
es,5
karz,5
zgów,5
skąp,5
leki,5
odu,5
gię,5
stój,5
tchem,5
pali,5
ri,5
spodniach,5
pieśń,5
dus,5
uby,5
odzież,5
bat,5
gwoź,5
krwio,5
ubez,5
reg,5
uległ,5
boją,5
liar,5
gmach,5
szpul,5
bram,5
heca,5
­dy,5
okaz,5
zsie,5
wyt,5
usnę,5
blok,5
wiersz,5
bani,5
fron,5
zior,5
sys,5
ciar,5
cent,5
łyk,5
­sze,5
chew,5
oskar,5
dają,5
słab,5
nory,5
punkt,5
jadą,5
biał,5
pnie,5
uce,5
głasz,5
rosa,5
masy,5
kłęb,5
szkło,5
ściom,5
więt,5
krzep,5
twych,5
brzyd,5
rob,5
chwią,5
lale,5
rzyść,5
­cho,5
braz,5
stie,5
nó,5
uszach,5
ity,5
okrut,5
loży,5
spłasz,5
­cie,5
niędz,5
łat,5
­wił,5
ciesz,5
grzmot,5
wsy,5
iro,5
lotu,5
­gry,5
itym,5
sos,5
wspiąć,5
bil,5
pęcz,5
alar,5
­ru,5
szkod,5
starł,5
mnę,4
auto,4
ubio,4
sieć,4
zicz,4
marz,4
secz,4
ulicz,4
die,4
wcie,4
ziom,4
uśpio,4
wto,4
umknąć,4
nap,4
omac,4
stwę,4
psz,4
zgiem,4
scem,4
isz,4
szak,4
wsiąść,4
ażu,4
k,4
zmien,4
­sie,4
wspar,4
wrzask,4
jaś,4
żach,4
ela,4
reł,4
thur,4
sumę,4
wagi,4
ema,4
asa,4
rude,4
poły,4
pau,4
doń,4
roje,4
sąg,4
omlet,4
­ty,4
dzioł,4
czel,4
tędy,4
spiesz,4
hy,4
świt,4
czan,4
sje,4
hau,4
­bli,4
pru,4
troj,4
kisz,4
wzmoc,4
buz,4
ostrzy,4
zdez,4
twiać,4
czom,4
szaf,4
kręć,4
kea,4
spróch,4
beł,4
wzmac,4
rzyk,4
zgła,4
zbiegł,4
rial,4
żeru,4
upoj,4
­ce,4
zimą,4
­bi,4
­pra,4
dian,4
dżal,4
chłan,4
kępy,4
kwiet,4
spry,4
udu,4
ulic,4
włącz,4
łacz,4
loń,4
nig,4
atak,4
muj,4
et,4
usnąć,4
mewy,4
błaż,4
rybę,4
dzwoń,4
dłam,4
puch,4
n­tley,4
płaszcz,4
ożyw,4
­jem,4
zdła,4
sją,4
stwą,4
drzem,4
lnych,4
strat,4
iskier,4
cz­nie,4
krztu,4
kita,4
sumy,4
zimę,4
lent,4
pij,4
wiasz,4
śniesz,4
umilkł,4
­ba,4
jedź,4
stię,4
spis,4
przecz,4
gryz,4
gnij,4
­stych,4
ósem,4
iste,4
ugi,4
prą,4
czach,4
rzasz,4
żre,4
gumy,4
strzeń,4
stąp,4
holu,4
skró,4
mła,4
chin,4
rang,4
zszedł,4
płacz,4
cun,4
chcieć,4
czasz,4
skry,4
di,4
wój,4
tłach,4
pyt,4
cz­nych,4
zjeż,4
mgli,4
stwy,4
niow,4
słym,4
anie,4
dróg,4
żabę,4
epo,4
pył,4
col,4
szwan,4
roy,4
­cza,4
dukt,4
szpie,4
niacz,4
opro,4
­wia,4
puz,4
śpiącz,4
ini,4
raki,4
opadł,4
mrów,4
upro,4
cwa,4
zyn,4
piwo,4
uchwyt,4
zol,4
wiew,4
rymu,4
ast,4
usma,4
wstać,4
sicz,4
pchał,4
omo,4
­pew,4
uniesz,4
kęp,4
gań,4
złych,4
fali,4
mecz,4
rzyń,4
odłam,4
sierść,4
jal,4
­o,4
nacz,4
obli,4
glim,4
łga,4
­dze,4
rysy,4
śmiel,4
ugry,4
­szu,4
gwar,4
czyw,4
­szo,4
obce,4
gaż,4
fun,4
stoż,4
zebu,4
cierp,4
­cych,4
oczka,4
ostrzec,4
szczek,4
tlą,4
stynk,4
słać,4
rum,4
spust,4
roli,4
zbior,4
chwil,4
świecz,4
lnia,4
j,4
owad,4
brzo,4
­m,4
grzmia,4
wii,4
żywą,4
mied,4
spodem,4
drut,4
naś,4
pyszcz,4
dane,4
rola,4
niusz,4
szaw,4
tyń,4
ślar,4
­szy,4
luf,4
żen,4
prób,4
aa,4
błąd,4
układ,4
dziest,4
łaps,4
ustę,4
­ny,4
zne,4
czew,4
ustał,4
toż,4
wian,4
rzym,4
sile,4
ziarn,4
gadu,4
łbie,4
gbur,4
wiut,4
­za,4
żur,4
fran,4
nast,4
szew,4
łom,4
cięt,4
słeś,4
wlókł,4
bogu,4
kary,4
tako,4
­kie,4
­piecz,4
­cha,4
myć,4
wzbił,4
wiw,4
­je,4
lis,4
mapa,4
szorst,4
wry,4
itość,4
dbać,4
giew,4
uchu,4
hard,4
abyś,4
gma,4
znął,4
budę,4
pniu,4
­ry,4
ocię,4
chrząszcz,4
sprzęt,4
ulgo,4
ir,4
piwa,4
pral,4
kręt,4
prych,4
łąz,4
poco,4
źli,4
piąć,4
wty,4
kole,4
siąść,4
szwin,4
olśnio,4
uple,4
fiu,4
ora,4
zes,4
woń,4
żyk,4
susa,4
ujeż,4
wpływ,4
krocz,4
tkwił,4
­we,4
kradł,4
cuś,4
ume,4
duj,4
oprzeć,4
echem,4
tłok,4
dziać,4
dojść,4
tki,4
kwie,4
gryzł,4
luź,4
peu,4
wykł,4
dama,4
chłód,4
zejść,4
bef,4
kuc,4
schlud,4
new,4
awda,4
miłe,4
msz,4
neś,4
kłam,4
twej,4
chasz,4
wpy,4
szwe,4
luks,4
śniow,4
plej,4
dziab,4
krwią,4
­rząt,4
­pro,4
pierz,3
iry,3
uczta,3
pękł,3
kwik,3
cyfr,3
wlec,3
oslo,3
hucz,3
chwiarz,3
zgnie,3
buchł,3
fos,3
ognio,3
key,3
zmarł,3
chlust,3
drosz,3
zbyw,3
seks,3
bawi,3
wejdź,3
dzom,3
usną,3
usko,3
kuca,3
gran,3
­chem,3
chyb,3
zmon,3
ukłon,3
wola,3
krem,3
ajaj,3
szecz,3
choł,3
zla,3
bruź,3
tłow,3
norę,3
wśli,3
wkrę,3
osia,3
wisł,3
różdż,3
glow,3
cięz,3
kież,3
radą,3
wisi,3
­rzą,3
hoj,3
rzęd,3
gniazd,3
leg,3
soki,3
uję,3
siup,3
smycz,3
burę,3
fto,3
gwiaź,3
sak,3
czerw,3
mord,3
dłub,3
otar,3
­łu,3
kładź,3
maku,3
cjom,3
­mał,3
ślej,3
­god,3
iny,3
lgnął,3
kiwa,3
zmarsz,3
dreszcz,3
krań,3
rdzen,3
grunt,3
kieć,3
ogniu,3
wróżb,3
dby,3
buru,3
oga,3
szki,3
zwro,3
uwień,3
odłą,3
ł,3
cła,3
znok,3
ció,3
więź,3
uty,3
drgnię,3
ezji,3
­brze,3
tes,3
puł,3
­żył,3
­nym,3
wzma,3
pap,3
takl,3
ukradł,3
włos,3
obór,3
żyję,3
bladł,3
baś,3
wist,3
prost,3
mig,3
zroz,3
art,3
orzeź,3
ostrych,3
jeża,3
beck,3
drza,3
wla,3
śna,3
ukon,3
­gar,3
ero,3
uwzględ,3
trosk,3
dor,3
szty,3
ici,3
­glą,3
ziół,3
klął,3
sól,3
dmuch,3
skrzyp,3
­sia,3
stans,3
upraw,3
­cz,3
glę,3
zaz,3
śniać,3
błot,3
niw,3
wdział,3
osio,3
spła,3
mapy,3
­niu,3
sfe,3
łuk,3
hal,3
itd,3
biły,3
jąk,3
eta,3
dany,3
lich,3
ręt,3
mró,3
knaj,3
jabł,3
­u,3
wtar,3
uster,3
drzeź,3
­wej,3
znieść,3
­pad,3
prąd,3
zlek,3
mierz,3
gumą,3
okla,3
upusz,3
spuch,3
krop,3
szul,3
kule,3
mglo,3
zjo,3
rumu,3
bzdu,3
zjazd,3
przek,3
lisy,3
liów,3
krak,3
­wierzch,3
wpę,3
dnem,3
­ło,3
gre,3
ś',3
­so,3
sztok,3
alarm,3
jut,3
odrę,3
nocą,3
dżam,3
cmen,3
plar,3
vo,3
piów,3
giął,3
uble,3
trzyć,3
inę,3
gne,3
bęb,3
sed,3
gant,3
łgać,3
śnych,3
tia,3
skocz,3
ładu,3
fit,3
ostrzegł,3
ujaz,3
łuku,3
loj,3
wkra,3
dryp,3
zgieł,3
utkwio,3
m­ka,3
mus,3
brnę,3
znym,3
tknie,3
zdrę,3
tną,3
21,3
cąż,3
drżał,3
riac,3
l­kich,3
udrę,3
wódz,3
krysz,3
gri,3
pchną,3
blasz,3
ooo,3
brzęk,3
umów,3
dbał,3
puść,3
snuł,3
iren,3
niac,3
brod,3
pni,3
żmud,3
dżył,3
odwo,3
­mia,3
mknie,3
nowi,3
okła,3
grusz,3
suka,3
­sz,3
słą,3
odda,3
każę,3
­że,3
klap,3
arów,3
grzmiał,3
aman,3
­dok,3
miaż,3
trun,3
dały,3
tii,3
spad,3
ozda,3
prem,3
blet,3
oczki,3
migi,3
­wym,3
­tar,3
­głę,3
jamy,3
siach,3
boszcz,3
uten,3
rzycz,3
miła,3
cznij,3
chrup,3
eki,3
kurę,3
m­kiem,3
złej,3
sztur,3
strzęp,3
zmył,3
jęli,3
świetl,3
miać,3
tlin,3
czoł,3
uczcie,3
zdzie,3
tace,3
dzich,3
mop,3
tent,3
klasz,3
krąż,3
złam,3
sług,3
pchnąć,3
oczysz,3
żyli,3
alo,3
minę,3
­pu,3
ucza,3
ściń,3
strzep,3
wróg,3
­sem,3
nura,3
esen,3
wko,3
typu,3
­ko,3
lord,3
akwa,3
ugię,3
nazw,3
uzgad,3
otwórz,3
kwent,3
usią,3
chej,3
mut,3
fol,3
uczcić,3
tup,3
wraż,3
zeń,3
tus,3
bl,3
prztycz,3
zjedz,3
st,3
alei,3
garst,3
niąt,3
ohyd,3
ford,3
żut,3
wió,3
wsa,3
gbu,3
okład,3
usy,3
młot,3
złot,3
­strze,3
kres,3
klęcz,3
jana,3
szkłach,3
­ni,3
uznał,3
wścią,3
iw,3
wioł,3
śmiej,3
fiał,3
­dział,3
eskor,3
lewy,3
dźwięcz,3
skot,3
rzyw,3
n­ty,3
grad,3
zur,3
ney,3
tkasz,3
drup,3
ubrać,3
uczcze,3
wmie,3
uczą,3
mirt,3
lżej,3
krość,3
łysą,3
zupę,3
dwab,3
ary,3
ukształ,3
jajo,3
wac,3
tryb,3
ostu,3
but,3
alu,3
żeć,3
brycz,3
czół,3
ślań,3
ogór,3
obar,3
poj,3
łąź,3
het,3
śpiech,3
strzów,3
lgnę,3
grosz,3
unieść,3
eme,3
miłą,3
usil,3
moda,3
biasz,3
łupu,3
pssst,3
biut,3
dzym,3
stwisk,3
­to,3
drość,3
feum,3
wrrr,3
wrzą,3
ń­stwa,3
dlach,3
zią,3
niasz,3
schru,3
­ku,3
zjum,3
skasz,3
przod,3
lad,3
sztyk,3
sierp,3
oglę,3
obco,3
gong,3
oliw,3
ryksz,3
opatrz,3
diach,3
leć,3
parą,3
splą,3
tłę,3
ileż,3
ślam,3
fora,3
­miast,3
głó,3
gnaj,3
­szył,3
cap,3
tię,3
stwach,3
zjem,3
uczniem,3
osi,3
­gra,3
szpu,3
tłów,3
auta,3
wolą,3
unt,3
dumy,3
msta,3
­mio,3
mniaw,3
zbieg,3
szłych,3
fuk,3
twił,3
klej,3
sądu,3
post,3
­zo,3
kąty,3
szlo,3
schnię,3
zbro,3
sechł,3
­rą,3
ćwierć,3
bim,3
znad,3
zmor,3
prysz,3
szpic,3
mści,3
dala,3
suj,3
zyw,3
pet,3
strzem,3
wyda,3
kuj,3
doł,3
heł,3
­cią,3
suma,3
snów,3
upior,3
wtu,3
­bo,3
sztor,3
pstro,3
wsząd,3
sół,3
glin,3
­sko,3
ita,3
ssał,3
nąc,3
lewe,3
muż,3
vic,3
usłuż,3
węch,3
syd,3
­praw,3
płoch,3
gwi,3
fiat,3
bryt,3
pierś,3
mgła,3
dębu,2
t­ku,2
ś,2
gół,2
­jo,2
tęga,2
skręt,2
zban,2
uwło,2
owło,2
broć,2
jekt,2
­waż,2
puls,2
mły,2
od­w,2
­był,2
złosz,2
dź,2
świą,2
irce,2
iskrzy,2
ogie,2
uparł,2
drzec,2
mnisz,2
zmaj,2
miód,2
łby,2
mórz,2
gwiż,2
rósł,2
zom,2
urd,2
dżąc,2
kud,2
rufę,2
zbój,2
skam,2
fam,2
gnień,2
cju,2
ująw,2
­rym,2
biz,2
niechż,2
8,2
złap,2
drwił,2
dzacz,2
ika,2
wpław,2
zdań,2
firt,2
brac,2
spach,2
kiosk,2
kup,2
obab,2
ed,2
7,2
­lej,2
oszczę,2
5555,2
skwy,2
łba,2
jucz,2
zzięb,2
ustat,2
tort,2
hay,2
owej,2
gniesz,2
szczo,2
­ż,2
oksy,2
pól,2
ekwi,2
bet,2
złaś,2
26,2
mąci,2
stent,2
umknę,2
koszt,2
1,2
zgub,2
czcił,2
uszla,2
strzycz,2
­cił,2
­ju,2
xon,2
­czął,2
miejsc,2
różą,2
biam,2
ubiór,2
tłukł,2
gaj,2
grób,2
ośmior,2
black,2
schną,2
cześ,2
kora,2
szczyp,2
skląt,2
rufą,2
wady,2
owsa,2
tac,2
ścig,2
warsz,2
cur,2
duch,2
azji,2
krej,2
­sto,2
ogniem,2
ziach,2
sąż,2
cząst,2
­wią,2
­lać,2
fex,2
76,2
wspó,2
pior,2
mchu,2
ż­czy,2
płą,2
kryp,2
jęły,2
­rem,2
lufę,2
więcz,2
dog,2
szczot,2
koci,2
bały,2
doły,2
uuu,2
sądź,2
anio,2
wdarł,2
non,2
­gła,2
mg,2
­miesz,2
r­dzi,2
stun,2
joh,2
mknij,2
łata,2
tward,2
gwóźdź,2
glic,2
ray,2
uczty,2
bes,2
kuzu,2
­zu,2
29,2
myj,2
styń,2
astro,2
chych,2
lęk,2
mdlo,2
stró,2
­szły,2
nau,2
ulga,2
gęb,2
fet,2
od­kryw,2
acjach,2
rys,2
­su,2
wap,2
wxg,2
foks,2
­bia,2
m­ko,2
tłą,2
­wet,2
wlazł,2
wpierw,2
ucię,2
czcią,2
tok,2
prur,2
gluw,2
olo,2
luz,2
iłam,2
łyp,2
ognie,2
­dał,2
gniar,2
zjed,2
masa,2
rejs,2
górą,2
itej,2
22,2
czyjś,2
milcz,2
żółw,2
syty,2
­chy,2
ato,2
łysk,2
żart,2
wdał,2
skrzyw,2
zef,2
udep,2
qu,2
tew,2
łez,2
mile,2
chlo,2
­trzy,2
ulec,2
cało,2
f,2
płać,2
tyś,2
wzbro,2
zbladł,2
tchó,2
twią,2
diów,2
łud,2
zdać,2
noz,2
gięt,2
obied,2
uczysz,2
frrr,2
pin,2
n­ku,2
spen,2
pepę,2
­kry,2
kępą,2
ż­nych,2
­łe,2
róg,2
drej,2
drzwiom,2
ulew,2
r­wo,2
szpe,2
­kom,2
lża,2
wstąp,2
nitw,2
jęła,2
­mił,2
śniach,2
władz,2
zży,2
70,2
miech,2
uczel,2
pym,2
gnięć,2
frędz,2
tria,2
usług,2
poda,2
brzusz,2
gien,2
łapa,2
ama,2
zgał,2
chryp,2
­nów,2
strzu,2
śnej,2
żółk,2
okru,2
w­ców,2
wnucz,2
mylą,2
okle,2
pim,2
mom,2
pędź,2
uwo,2
ł­nie,2
chrzą,2
różę,2
ucząc,2
chwiej,2
ucztą,2
psią,2
stia,2
lęc,2
towsz,2
drak,2
zbir,2
lne,2
hełm,2
upodob,2
cios,2
piach,2
doić,2
żeś,2
pun,2
bum,2
mycz,2
znąć,2
hisz,2
goły,2
graf,2
boy,2
­łud,2
snach,2
wsłu,2
słuch,2
schły,2
mizm,2
oszczęd,2
liusz,2
ista,2
rudy,2
­sił,2
niel,2
strym,2
fazy,2
uszka,2
­nu,2
łuj,2
gly,2
nes,2
ostrą,2
oro,2
szkap,2
ramy,2
mocą,2
schudł,2
biją,2
złym,2
strą,2
lion,2
woz,2
piaw,2
trwal,2
raw,2
ubar,2
uśpić,2
stium,2
pode,2
basz,2
czeństw,2
jó,2
mosz,2
dzist,2
volks,2
brzmią,2
bard,2
płej,2
brr,2
sz­cza,2
­kla,2
zeza,2
drych,2
burk,2
hura,2
lesz,2
dwik,2
garb,2
molo,2
wieś,2
plot,2
snąw,2
­ły,2
szczel,2
­czył,2
urok,2
nadzy,2
nent,2
mod,2
zmrok,2
gryźć,2
blan,2
winy,2
­lazł,2
obry,2
ochrypł,2
ulot,2
rag,2
fach,2
27,2
łysy,2
okie,2
oścież,2
zlą,2
smos,2
obiek,2
drże,2
tacz,2
kciu,2
ret,2
wścib,2
plusk,2
zień,2
zdjąć,2
gnieść,2
flach,2
zwier,2
manc,2
­ki,2
siwą,2
gębą,2
top,2
gnat,2
psia,2
ochry,2
żeb,2
smuż,2
drym,2
ruj,2
wstrę,2
lupę,2
drau,2
osy,2
kuł,2
gnąw,2
dęby,2
b­ko,2
kupi,2
­de,2
16,2
43,2
sel,2
­lu,2
tępo,2
kłód,2
dent,2
raka,2
osiat,2
łas,2
­tek,2
rasa,2
plę,2
tył,2
14,2
uza,2
bót,2
iskra,2
­tów,2
żywa,2
mew,2
rs,2
zgnę,2
słej,2
uldze,2
sfer,2
warł,2
mdli,2
umieć,2
chip,2
drink,2
ziów,2
obłą,2
s­ma,2
rzed,2
atła,2
dlić,2
zbun,2
­żać,2
znych,2
r­nie,2
kraść,2
chadz,2
wyk,2
datę,2
blat,2
uszki,2
umyć,2
tłusz,2
mrucz,2
palm,2
żans,2
wklę,2
wadź,2
sien,2
mic,2
kos,2
bryk,2
skrył,2
igła,2
uczał,2
kulą,2
zgra,2
casz,2
ade,2
toto,2
szyl,2
smań,2
dziar,2
szklar,2
płosz,2
wsią,2
bzy,2
buta,2
doby,2
strzeż,2
baab,2
13,2
utkwił,2
emia,2
szwa,2
17,2
wma,2
fałd,2
abab,2
kłap,2
ochla,2
4,2
owca,2
pcheł,2
spą,2
­też,2
liw,2
łgał,2
zgorzk,2
wzdy,2
żó,2
mieść,2
cz­ne,2
uprzą,2
start,2
gee,2
losy,2
30,2
pnia,2
ety,2
­dzo,2
r­do,2
ubaw,2
­z,2
twię,2
aniel,2
twoi,2
icał,2
umknie,2
uł,2
67,2
zdjęć,2
daty,2
w­do,2
wory,2
ścisz,2
aaaa,2
truch,2
stri,2
abba,2
żyły,2
kilo,2
dzban,2
zuch,2
amen,2
wost,2
zwar,2
czoch,2
gęby,2
alpy,2
urwi,2
cre,2
mymi,2
­nim,2
­gą,2
­dróż,2
zbą,2
ló,2
byw,2
szyw,2
sit,2
wzra,2
plon,2
dyr,2
cło,2
zmru,2
pije,2
zejdź,2
żyła,2
pływ,2
zlę,2
ostrzem,2
sięcz,2
kucz,2
uwal,2
­ś,2
wiść,2
gow,2
skwer,2
zwod,2
24,2
wbiegł,2
onik,2
rogi,2
jeże,2
aspi,2
­lem,2
sz­kań,2
droz,2
cuda,2
rwę,2
wści,2
r­dziej,2
kuź,2
tchnąć,2
ugryzł,2
smicz,2
uzdę,2
bir,2
zmyć,2
mgłą,2
­piec,2
igłę,2
mdłe,2
land,2
wadę,2
kij,2
sz­ki,2
słon,2
kpi,2
owal,2
drań,2
bij,2
dwań,2
ał,2
wpił,2
79,2
płał,2
gnież,2
ucztę,2
stróż,2
schnie,2
wbił,2
ogła,2
­kład,2
toku,2
send,2
prys,2
­dró,2
edward,2
wrze,2
wsz,2
koc,2
19,2
ozwał,2
wiei,2
azja,2
grdy,2
urósł,2
ogró,2
zdrow,2
skłę,2
spla,2
went,2
aden,2
ławy,2
ścię,2
wzrocz,2
cyn,2
tkną,2
skość,2
tkam,2
noty,2
błem,2
spodu,2
uświerk,2
złom,2
j­du,2
pest,2
szmer,2
mola,2
só,2
drży,2
ice,2
przęg,2
pat,2
­tycz,2
kłuć,2
falą,2
atla,2
rzych,2
stom,2
połę,2
wór,2
ik,2
cznę,2
ś­ci,2
smyk,2
gier,2
kloc,2
furę,2
­raź,2
tacą,2
liź,2
obejść,2
ściąć,2
gielsz,2
tchnio,2
wzniósł,2
wbie,2
niaw,2
­sa,2
mont,2
ulat,2
dziem,2
zupą,2
doli,2
striac,2
grimm,2
wun,2
łąk,2
uwziął,2
w­nież,2
skosz,2
cząw,2
jamę,2
­st,2
zeł,2
uczniu,2
ziel,2
syta,2
dzach,2
jedz,2
bob,2
lamp,2
ostrza,2
swoj,2
macz,2
płuc,2
trzci,2
cna,2
maja,2
eyre,2
ranę,2
trach,2
balu,2
sej,2
głaś,2
słość,2
linę,2
kupę,2
dłaś,2
zme,2
prast,2
wieszcz,2
arau,2
lewa,2
naj­lep,2
uu,2
glis,2
fula,2
zent,2
­dów,2
opor,2
utru,2
een,2
­pi,2
sięż,2
chrem,2
pieć,2
glił,2
żywi,2
umf,2
dient,2
przem,2
ezu,2
grzyw,2
cjan,2
łzę,2
obłę,2
kipi,2
bka,2
duma,2
wiąż,2
ował,2
mili,2
tonę,2
­mać,2
rzesz,2
wita,2
­,2
chór,2
wzr,2
klep,2
­kaw,2
­nem,2
lasy,2
węże,2
cyś,2
wół,2
­cież,2
orę,2
skryć,2
­im,2
flin,2
szkli,2
wiła,2
łgar,2
wiak,2
żec,2
szpar,2
nus,2
rót,2
anon,2
­stu,2
zdał,2
błów,2
smem,2
sul,2
don,2
­stra,2
palą,2
chwiał,2
­rach,2
błu,2
złur,2
dozą,2
ukraść,2
dlej,2
sych,2
jolą,2
mnień,2
gil,2
zrzę,2
­rza,2
­czuł,2
wlo,2
tio,2
krąg,2
­wat,2
cior,2
­d,2
krym,2
mdla,2
od­po,2
ozdob,2
luj,2
karm,2
łasz,2
łyd,2
agu,2
utaj,2
glarz,2
dzych,2
r­czy,2
dumę,2
karą,2
lią,2
tut,2
tkań,2
grząd,2
uków,2
zwróć,2
mścił,2
lwa,2
obez,2
eskie,2
hola,2
skier,2
szmal,2
maszt,2
lką,2
asp,2
ściów,2
furr,2
maju,2
ulist,2
bych,2
soli,2
kozy,2
ostra,2
omdla,2
cyrk,2
­ża,2
pulch,2
m­cza,2
rant,2
świn,2
pt,2
neu,2
nadał,2
sfo,2
­run,2
ulgę,2
­dob,2
węża,2
drzach,2
opan,2
umył,2
waży,2
ślaw,2
wora,2
mamę,2
­wied,2
optycz,2
oswa,2
ostrzył,2
kije,2
brąz,2
wpie,2
­nad,2
żółt,2
eski,2
kio,2
kupy,2
upio,2
­tom,2
lul,2
ego,2
etyc,2
apel,2
głęb,2
ubi,2
izbę,2
igłą,2
kiep,2
krwo,2
kau,2
brzmieć,2
świst,2
spaść,2
mlecz,2
usto,2
struż,2
oczyć,2
town,2
zdrzem,2
wzdry,2
zgło,2
lop,2
zgiełk,2
glip,2
tlu,2
wiry,2
tir,2
mężu,2
szwach,2
ukrę,2
mna,2
bid,2
gród,2
opty,2
bluz,2
gluk,2
uprząt,2
łże,2
psom,2
dziaw,2
jąw,2
zmiaż,2
gest,2
fac,2
szóst,2
frak,2
trzysz,2
ewa,2
zrzą,2
ułam,2
zbied,2
upór,2
ech,2
play,2
czyś,2
kusz,2
osku,2
wind,2
twym,2
remi,2
deń,2
glut,2
­żów,1
’,1
urżnę,1
masę,1
twu,1
­dwaj,1
luka,1
ryl,1
brza,1
jum,1
ukwie,1
w44,1
ćmię,1
ująć,1
szok,1
chrza,1
ujarz,1
ości,1
dliw,1
waz,1
pryn,1
zwię,1
mowa,1
m­ku,1
47,1
56,1
zleś,1
­cow,1
ugrun,1
­nił,1
­sło,1
płó,1
w­czy,1
ł­nym,1
bąsz,1
uczer,1
siwa,1
siek,1
rybsz,1
wiot,1
kruc,1
gda,1
oszę,1
osma,1
ń­skim,1
obrze,1
­śli,1
irkę,1
śmiert,1
78,1
­rek,1
1902,1
wzrósł,1
p­niach,1
­star,1
tracz,1
twisz,1
mule,1
klesz,1
usiądź,1
zmom,1
wtórz,1
kkul,1
oczko,1
rzuć,1
skraj,1
kraa,1
udka,1
czyst,1
more,1
­mal,1
łży,1
lwi,1
uklę,1
wiosn,1
ka«,1
kumo,1
brną,1
krzycz,1
tchną,1
r­ter,1
edek,1
kupa,1
­róż,1
gwę,1
lągł,1
okro,1
siwe,1
­gał,1
bryzg,1
kaź,1
kapy,1
ukłuć,1
ff,1
­leź,1
słój,1
­dem,1
68,1
­kość,1
ań,1
ella,1
j­rzeć,1
osioł,1
ziak,1
omy,1
udła,1
t­kiem,1
kozi,1
uście,1
isku,1
palt,1
zięć,1
śpisz,1
mcha,1
siom,1
gulę,1
zmów,1
kszta,1
ostoi,1
tkan,1
10,1
połą,1
zmię,1
zadu,1
gny,1
frem,1
sęku,1
glen,1
ufor,1
r­nia,1
liczb,1
wuja,1
springs,1
dab,1
sztorm,1
pod­sta,1
uczęsz,1
znej,1
flik,1
gacz,1
­wiać,1
­wiąc,1
60,1
mchem,1
chrzę,1
tchnąw,1
rup,1
żom,1
cza«,1
zaś',1
chlew,1
trzep,1
chrap,1
­waw,1
j­ni,1
n­drzy,1
­ciół,1
huku,1
r­mie,1
zbę,1
glist,1
twach,1
trę,1
bbaa,1
ofe,1
cala,1
fą,1
teść,1
dżę,1
tani,1
owcza,1
­dłych,1
75,1
gą*,1
ablu,1
sind,1
­cier,1
neę,1
rzekt,1
ib,1
l­we,1
­gnię,1
boł,1
sy2,1
­jażdż,1
8724,1
69,1
pite,1
świsz,1
uszyć,1
riu,1
t­ce,1
ćwiart,1
liu,1
zbłą,1
wpo,1
tłuszcz,1
apur,1
al­pach,1
isię,1
czet,1
«pi,1
d­niej,1
t37,1
000001,1
r­tow,1
­scy,1
­mem,1
izo,1
dejdź,1
zwięd,1
j­do,1
dwi,1
­daw,1
nędz,1
­grys,1
boby,1
73,1
wdzięk,1
bori,1
o'don,1
hup,1
ochoc,1
dłe,1
wyją,1
rier,1
zbliż,1
nad­cho,1
kurz,1
urj,1
kwitł,1
giną,1
eli,1
fiku,1
­cyj,1
furrr,1
st34,1
abą,1
otrze,1
w35,1
obiekt,1
sza9,1
różb,1
chłem,1
kaca,1
40,1
drąż,1
126,1
sył,1
kłót,1
77,1
gazy,1
nauk,1
el,1
giąć,1
cion,1
ubrań,1
pęt,1
ksiądz,1
uszar,1
omen,1
­chód,1
­dat,1
ospo,1
farm,1
gij,1
ospa,1
węż,1
ubru,1
lną,1
esz,1
­śnił,1
leżę,1
zad,1
oplem,1
ido,1
zgadł,1
ognisk,1
ziew,1
dac,1
opad,1
trzach,1
­zwo,1
lkę,1
uch,1
wlać,1
rayu,1
ckli,1
pik,1
psze,1
xix,1
upchnię,1
­fra,1
jacy,1
81,1
peń,1
­buch,1
każe,1
riott,1
­tej,1
w­ca,1
ley,1
­kich,1
wyły,1
óse,1
czczą,1
­szach,1
ubła,1
l­kie,1
­łów,1
onów,1
zmnie,1
imś,1
over,1
ułek,1
zaw,1
upiąć,1
strzostw,1
ucisk,1
wgłę,1
dana,1
bóbr,1
­pusz,1
chłań,1
zląkł,1
czni,1
igiel,1
utknę,1
mknąw,1
osz,1
wazy,1
spekt,1
gir,1
t­kę,1
rdze,1
­chu,1
chat,1
utkwi,1
zmur,1
łuki,1
pud,1
r­wa,1
trzaj,1
l­ny,1
l­ko,1
bazę,1
st­kich,1
ucz­niów,1
damę,1
kulę,1
riat,1
r­gicz,1
solą,1
dlom,1
bryndz,1
­sku,1
drzyj,1
miss,1
254,1
sju,1
blę,1
kurrr,1
cjen,1
atlan,1
oze,1
ucichł,1
luty,1
śną,1
etom,1
­brał,1
oskro,1
krzywd,1
zmiar,1
kazm,1
dź­my,1
gme,1
ś­cia,1
s­nął,1
wkół,1
liną,1
kiń,1
koca,1
are,1
a49,1
n­go,1
zdrość,1
hops,1
leb,1
l­skiem,1
­now,1
fajt,1
dron,1
ikei,1
żak,1
ostróg,1
j­szy,1
gnia,1
­dzeń,1
schła,1
tnij,1
oczaj,1
aut,1
•,1
kosa,1
wrzeszcz,1
flu,1
dit,1
nuży,1
glud,1
ose,1
spodniu,1
tkliw,1
gliz,1
druż,1
chur,1
wim,1
3932,1
­tr,1
chlę,1
fren,1
siedź,1
pepy,1
abet,1
fioł,1
glar,1
12,1
u­gal,1
rdza,1
blom,1
runo,1
pod­no,1
j­niej,1
rwiesz,1
strzygł,1
byc,1
ryms,1
anem,1
rucz,1
ocią,1
roe,1
nola,1
imion,1
ewi,1
śpij,1
amne,1
siną,1
r­gnę,1
dętą,1
cwir,1
mrocz,1
cisk,1
tróje,1
58,1
gnój,1
piłą,1
oklek,1
sprin,1
udach,1
siąk,1
cz,1
­gło,1
­rech,1
any,1
kazi,1
syt,1
fać,1
żeństw,1
blow,1
lęku,1
styw,1
zbaw,1
­syw,1
50,1
ód,1
gau,1
graw,1
k­to,1
­trów,1
l­nio,1
ściw,1
żuch,1
­dług,1
p28,1
­dzia,1
joty,1
typ,1
upić,1
ekip,1
szkor,1
siar,1
­brać,1
­dzy,1
warr,1
klau,1
rafę,1
mrzeć,1
dzier,1
twiw,1
cy1,1
dyj,1
przągł,1
omdle,1
w8,1
rrr,1
pchaw,1
óstą,1
­kła,1
błom,1
kasa,1
ż­dym,1
foj,1
m­kol,1
op,1
stli,1
zdrosz,1
wrzuć,1
­lar,1
szczwo,1
ósma,1
162,1
okrył,1
roc,1
od­waż,1
lwy,1
opcy,1
schadz,1
moł,1
p­ców,1
łani,1
płan,1
kroć,1
j­skie,1
erę,1
dien,1
­słu,1
kór,1
ward,1
czuch,1
dłych,1
kosy,1
zmarzł,1
trzał,1
zmęt,1
ugrzę,1
­snął,1
okej,1
ławą,1
­row,1
r­skiej,1
prac,1
siw,1
liom,1
ziuch,1
farb,1
wież,1
dupa,1
­miał,1
skraw,1
­dre,1
splo,1
stal,1
tang,1
age,1
zbroj,1
daru,1
ta’,1
atrze,1
czep,1
ląg,1
istą,1
­siw,1
lśnić,1
wez,1
tamy,1
diu,1
niuś,1
w­ko,1
­i,1
czła,1
wusz,1
okruch,1
eska,1
wabi,1
bysz,1
71,1
scen,1
mewi,1
­ciw,1
ś­li,1
buksz,1
sadź,1
­tał,1
szłą,1
zwiał,1
dup,1
płym,1
kądś,1
ś­my,1
xxviii,1
skroń,1
­łę,1
­gę,1
sowy,1
upad,1
r­ko,1
doi,1
zruj,1
gurd,1
osyp,1
schnąć,1
­cio,1
utarcz,1
uszczy,1
biel,1
wkó,1
diań,1
plach,1
kwas,1
sut,1
przedaw,1
wxf,1
klin,1
l­cza,1
cook,1
drża,1
41,1
wzaj,1
łod,1
­ficz,1
lufą,1
oschle,1
­jąć,1
sz­li,1
cmok,1
d­nak,1
obca,1
krząt,1
drąg,1
rymś,1
szacz,1
­czom,1
sz­ność,1
sjo,1
r­kę,1
loda,1
ł­bym,1
nęt,1
zżółk,1
dy>,1
wmon,1
dzem,1
zwierzch,1
aor,1
fere,1
ping,1
ć­by,1
chłe,1
wczoł,1
bay,1
wzmóc,1
957,1
52,1
pili,1
­kro,1
chłam,1
hę,1
ścień,1
strzow,1
szme,1
tce,1
obrzu,1
rynt,1
kielc,1
asach,1
ful,1
roś,1
r­sza,1
buki,1
muł,1
zróż,1
t­szym,1
n­da,1
nawę,1
bled,1
tkac,1
płaś,1
schłym,1
gieł,1
ruk,1
toć,1
­ślo,1
zgrza,1
cze6,1
żwi,1
dzió,1
żew,1
piaś,1
ehe,1
film,1
­wień,1
ukro,1
dżdżow,1
zniósł,1
r­to,1
ters,1
trat,1
piłę,1
erą,1
rol,1
owę,1
efekt,1
zmiótł,1
bita,1
elik,1
skurcz,1
strun,1
ryż,1
eście,1
udol,1
uszczel,1
cioł,1
kępa,1
wno,1
umrę,1
dzów,1
­pó,1
­rzył,1
­dzać,1
gruch,1
tiu,1
osą,1
c­kie,1
­śnię,1
żreć,1
chart,1
­czu,1
zsa,1
pniem,1
kpij,1
rop,1
sasa,1
zbla,1
drub,1
śniak,1
zjazm,1
upłyn,1
chrzo,1
stwić,1
synu,1
kurą,1
grans,1
ryja,1
zgaj,1
­kim,1
dżer,1
bzu,1
­pych,1
­wiał,1
scrub,1
thurst,1
apasz,1
mdłym,1
t­nik,1
z­pie,1
­stem,1
chwie,1
­brym,1
pęd,1
ukłu,1
db,1
gund,1
toma,1
pł,1
­strzegł,1
wchodź,1
﻿al,1
pruł,1
okul,1
klnąc,1
pajd,1
chłych,1
błoc,1
taxi,1
rausz,1
żabi,1
mroź,1
n­ków,1
'a,1
­szał,1
obcą,1
użą,1
kęka,1
pęp,1
ośro,1
ojo,1
skwier,1
istym,1
mund,1
flicz,1
czczo,1
ujem,1
odejdź,1
stocz,1
reś,1
r­my,1
zwich,1
mrork,1
ujo,1
­docz,1
runa,1
klizm,1
odzow,1
od­bez,1
siut,1
yot,1
uczcij,1
bol,1
lało,1
popo,1
oaza,1
ugrzęź,1
25,1
­fia,1
oschły,1
roić,1
­czę,1
wiet,1
łgarstw,1
żyj,1
paki,1
susy,1
skwe,1
łknę,1
szust,1
schył,1
maść,1
burą,1
5789,1
tub,1
cerz,1
luku,1
uśmiał,1
zgre,1
palń,1
mrze,1
w62,1
dżach,1
skud,1
kupą,1
stres,1
9120,1
­słow,1
­gość,1
­szę,1
­łych,1
łoś,1
klęć,1
­du,1
tis,1
joj,1
ky,1
glem,1
iu,1
czosn,1
bald,1
c­nie,1
łun,1
cac,1
miku,1
dżu,1
ay,1
źre,1
­bek,1
stóg,1
ucier,1
służb,1
ują,1
tknąw,1
cz­ni,1
1859,1
wyga,1
dzu,1
zsy,1
naj­spryt,1
siągł,1
złud,1
klaj,1
obelg,1
­dzam,1
urlo,1
od­wo,1
osiach,1
sz­czal,1
kozę,1
­pła,1
d­szych,1
od­sło,1
r25,1
­szyć,1
trast,1
uścisk,1
boss,1
jet,1
miam,1
­trz,1
­żesz,1
zmio,1
ł­ków,1
łur,1
ośli,1
struś,1
amer,1
kuba,1
­cząc,1
biło,1
byż,1
­słych,1
skla,1
szyj,1
107493,1
upstrzo,1
sztym,1
miącz,1
ksiąg,1
walk,1
puj,1
uż,1
wow,1
w­niał,1
nięć,1
garz,1
r­ży,1
jot,1
chłep,1
owdo,1
cepa,1
carl,1
r­nym,1
plus,1
pleć,1
zgwał,1
wad,1
bosz,1
­ciel,1
czac,1
stasz,1
zdraj,1
dyc,1
przeć,1
kajt,1
n­ste,1
os,1
82,1
cak,1
1749,1
noża,1
386,1
gos,1
23,1
ból,1
nięż,1
okręż,1
wsła,1
łyka,1
poła,1
owcom,1
jażdż,1
urwać,1
wyw,1
mgieł,1
ostę,1
wzbie,1
oki,1
msto,1
w10,1
ka3,1
ezja,1
k­kie,1
maki,1
­koj,1
żło,1
czyj,1
taił,1
­sier,1
jack,1
pisk,1
r­czym,1
spryt,1
hala,1
obuw,1
triest,1
lasz,1
zań,1
trób,1
feld,1
6,1
cizn,1
wspię,1
­bior,1
tyk,1
prza,1
dyź,1
as,1
­jaź,1
igrał,1
prrrrr,1
wten,1
­rał,1
tuch,1
zdech,1
r­te,1
skądś,1
­mą,1
sche,1
żuł,1
­cząt,1
wróz,1
74,1
­lał,1
wznak,1
iska,1
­dąc,1
wbić,1
schłych,1
utoż,1
­czeń,1
arki,1
­tecz,1
front,1
bej,1
idea,1
szlacz,1
lez,1
byk,1
śmę,1
zbó,1
spęcz,1
boso,1
­wach,1
kuka,1
g61,1
i72,1
zew,1
rże,1
upływ,1
dziat,1
dzasz,1
­zno,1
wczu,1
arem,1
śledź,1
­c,1
­rych,1
­ha,1
więd,1
gubi,1
gliw,1
ey,1
grot,1
ome,1
krzak,1
fule,1
warg,1
drin,1
słan,1
pała,1
uszli,1
cept,1
fiam,1
aten,1
lny,1
ogrza,1
­it,1
błusz,1
tlał,1
m,1
schud,1
dęba,1
­wieść,1
­klo,1
­łym,1
dary,1
anicz,1
175,1
sman,1
śmiard,1
ełu,1
­co,1
oczkiem,1
pchły,1
r­cu,1
od­wie,1
dlar,1
­zi,1
j­szych,1
rżnię,1
cięć,1
﻿o,1
­wieź,1
wagę,1
kiju,1
ł­tow,1
plał,1
ciast,1
wleź,1
widz,1
­tę,1
mdlał,1
dryn,1
nąjm,1
amo,1
raf,1
wkr,1
rój,1
tonu,1
­czaj,1
rczy,1
59,1
zluź,1
czeb,1
but',1
rżnę,1
dłać,1
zbre,1
rety,1
uod,1
zgrai,1
nierz,1
poi,1
liść,1
rzod,1
n­nym,1
głom,1
ozdób,1
misy,1
pierzch,1
grzmie,1
hołd,1
jary,1
gluj,1
onas,1
chrzęst,1
uskocz,1
chud,1
ożo,1
żeż,1
targ,1
­wio,1
naj­gor,1
­tul,1
',1
ćwok,1
brdą,1
woź,1
przedar,1
glus,1
moń,1
strzo,1
j23,1
tod,1
w­nej,1
łatę,1
tomy,1
iczek,1
słom,1
pod­stęp,1
gnes,1
wzzzz,1
taż,1
niar,1
uciął,1
dior,1
bluszcz,1
utu,1
sztyl,1
ścik,1
­znasz,1
psich,1
rus,1
lna,1
cele,1
szku,1
olą,1
trwoż,1
­brz,1
15,1
daly,1
w­dzi,1
coo,1
k2,1
ostrzu,1
ubój,1
pęki,1
tory,1
głaz,1
2585817,1
radź,1
ud,1
­saw,1
pędz,1
mgle,1
foko,1
brow,1
trząść,1
orał,1
­rej,1
r«51,1
­mią,1
szpry,1
­b,1
rejś,1
w­skiej,1
46,1
pert,1
kw,1
mety,1
psot,1
dresz,1
szczap,1
brach,1
data,1
wku,1
­cać,1
rurę,1
tfff,1
wawrz,1
n40,1
gumo,1
spodek,1
wli,1
tarcz,1
­tłu,1
usztyw,1
frat,1
sosy,1
glor,1
stel,1
kłąb,1
szkół,1
ogniw,1
wcię,1
noć,1
klacz,1
etap,1
mir,1
a64,1
uczciw,1
pstrych,1
złóż,1
zgasł,1
goić,1
nart,1
żsi,1
zdmuch,1
rz­chow,1
s­kie,1
­czyć,1
r­ty,1
łóg,1
32,1
tfu,1
bale,1
kurrrr,1
uwstecz,1
taxa,1
z­drzach,1
som,1
bycz,1
­skli,1
eej,1
­niach,1
356,1
zbul,1
chłon,1
r­ka,1
boś,1
jeżą,1
piń,1
ź­wia,1
ławę,1
wąs,1
wędź,1
gł­bym,1
słam,1
perth,1
łan,1
siecz,1
ćma,1
miąś,1
sunę,1
­biegł,1
wwciąż,1
l­ność,1
hać,1
wiń,1
glur,1
er,1
­cjal,1
31,1
w­ny,1
opraw,1
gwiezd,1
bzyk,1
sióstr,1
schodź,1
dyż,1
koje,1
ukryj,1
dłał,1
63,1
wzor,1
wole,1
­nach,1
łuny,1
­śle,1
1848,1
strop,1
szań,1
żni,1
w80,1
rwe,1
ukar,1
tw,1
zgrzesz,1
naj­m,1
zbić,1
pod­wod,1
ciup,1
nęka,1
skalp,1
łaź,1
opił,1
tiach,1
miły,1
muc,1
skunk,1
­rzec,1
said,1
rzor,1
ird,1
gnet,1
zmysł,1
­sma,1
zych,1
tlach,1
ików,1
zgniótł,1
maw,1
17537,1
ula,1
ptac,1
pług,1
­dać,1
piół,1
okiełź,1
tse7,1
ukow,1
ś­cie,1
smocz,1
pluł,1
9,1
żąda,1
cic,1
ling,1
­bym,1
blut,1
zot,1
­lip,1
acje,1
ulży,1
iskrzo,1
patw,1
osłabł,1
stwa3,1
lians,1
bró,1
misz,1
­chęt,1
ch4,1
szru,1
jol,1
drur,1
uprosz,1
oczkach,1
1869,1
use,1
zera,1
ósmą,1
­mu,1
hul,1
sz,1
zgać,1
klops,1
brnąć,1
kiż,1
śnisz,1
sadu,1
zmógł,1
­g,1
bzdur,1
mali,1
czow,1
haj,1
mnur,1
nia1,1
ćwierk,1
kląć,1
olśni,1
uczt,1
trząsł,1
pko,1
rwij,1
hardt,1
m­bu,1
niaj,1
­trze,1
wpar,1
dlą,1
r­bem,1
ikh,1
42,1
winę,1
trol,1
»tir,1
33,1
z­ku,1
ver,1
flor,1
­dziom,1
pęta,1
not,1
ena,1
bury,1
łęk,1
atral,1
ożył,1
skrzat,1
huru,1
­puż,1
mr,1
skub,1
kawą,1
r­ne,1
11,1
śwież,1
r­dzie,1
bure,1
owio,1
­dzial,1
wyjdź,1
zgłoś,1
eksa,1
żuś,1
tlić,1
miauk,1
zont,1
­zen,1
szyt,1
763,1
­nał,1
zgłę,1
noś,1
ogrzać,1
sum,1
ralf,1
cz­nej,1
ryku,1
amba,1
lanż,1
1879,1
ufam,1
ćwo,1
nago,1
nadzwy,1
oznak,1
ukos,1
met,1
­pach,1
­ciu,1
fracz,1
roń,1
wkoń,1
umio,1
ośnie,1
nawy,1
gluz,1
pod­niósł,1
częj,1
esu,1
kub,1
trzem,1
uuuu,1
ene,1
­gim,1
spon,1
­zwa,1
daf,1
stó,1
iście,1
­stwie,1
stwur,1
atle,1
blach,1
rac,1
lupy,1
drab,1
usła,1
pod­szedł,1
ozię,1
łzach,1
ź­ni,1
kłał,1
drób,1
glil,1
wnet,1
fruń,1
­tu,1
zdat,1
cyk,1
­dą,1
rziem,1
­dwa,1
chliw,1
ocz,1
d­nie,1
perzy,1
żli,1
rura,1
zrę,1
wzgląd,1
biła,1
york,1
host,1
knu,1
folk,1
ewo,1
­dzić,1
ósme,1
gady,1
zdal,1
sprzecz,1
fika,1
urka,1
­dwóch,1
skół,1
uciech,1
klą,1
­żeń,1
piaj,1
dżaj,1
1878,1
r­twił,1
cuj,1
utknię,1
ichś,1
555,1
2218,1
­wód,1
wgra,1
uświer,1
scha,1
baru,1
strzą,1
5,1
ału,1
fuks,1
gho,1
chwor,1
łę»,1
kont,1
kłaść,1
akom,1
żąd,1
ciów,1
ostrzej,1
sha,1
­men,1
sans,1
bruz,1
lufa,1
­gon,1
jaru,1
­lił,1
miś,1
lnie,1
utwór,1
sęka,1
­necz,1
w­ność,1
ś­niew,1
łęd,1
krta,1
­kań,1
mmmmm,1
ubierz,1
ściął,1
ino,1
mla,1
bruk,1
naga,1
myły,1
prrr,1
proch,1
czołg,1
goź,1
m39,1
naj­bliż,1
tują,1
rasę,1
skurń,1
bort,1
mdły,1
frach,1
riów,1
ować,1
odźwier,1
jań,1
ułom,1
od­jaz,1
blond,1
górn,1
chrząst,1
ń­czył,1
­sch,1
brown,1
tnę,1
drzy,1
a15,1
mdło,1
­wych,1
ryju,1
xvii,1
nin,1
slu,1
urżnąć,1
ugrzązł,1
dęły,1
ciuś,1
prąż,1
okradł,1
łub,1
­ję,1
upe,1
m­ra,1
r­ga,1
­się,1
biję,1
kocz,1
sracz,1
wstrząs,1
uzdol,1
­sep,1
dzicz,1
­lą,1
n­ga,1
­roż,1
3,1
»m,1
częst,1
­łą,1
­len,1
kłów,1
w­no,1
szwę,1
odrod,1
­ziem,1
luś,1
ż­ne,1
nań,1
łapą,1
­czał,1
nieb,1
od­bie,1
fff,1
­peł,1
­śla,1
sera,1
sęki,1
owrzo,1
uwag,1
n­ki,1
bba,1
j84,1
­zna,1
imć,1
83,1
bractw,1
riał,1
orzec,1
ufni,1
sosu,1
zstę,1
łycz,1
huki,1
z20,1
mans,1
rowu,1
głupstw,1
t­nie,1
pers,1
­gnać,1
odła,1
duś,1
w­czas,1
­siał,1
otrzeć,1
ariel,1
rdzy,1
wazę,1
r­wu,1
fta,1
18,1
ul,1
j­mił,1
obier,1
­dzian,1
ciur,1
­leźć,1
uskrzy,1
kwar,1
53,1
stak,1
­chę,1
jęki,1
bac,1
azor,1
grob,1
krusz,1
gaju,1
orzesz,1
­bój,1
berg,1
krzacz,1
dec,1
ryża,1
gali,1
­rzyń,1
kran,1
­cy,1
leża,1
nudę,1
zbył,1
łoń,1
pór,1
unoś,1
carls,1
pig,1
falę,1
ościen,1
tañ,1
w6,1
tere,1
stwom,1
obrać,1
astry,1
idy,1
r­cze,1
wzmia,1
pep,1
rdziur,1
ek,1
sent,1
amu,1
wyło,1
tarń,1
oran,1
﻿jo,1
»ay,1
ochryp,1
istycz,1
zecz,1
akwar,1
udaj,1
28,1
trr,1
strość,1
omiótł,1
ch­nie,1
goż,1
upor,1
kleszcz,1
j­mu,1
święt,1
twieć,1
ł­ko,1
ustrze,1
loża,1
miach,1
kwint,1
łazi,1
n­tleya,1
p­nie,1
kory,1
zgryź,1
nad­zwy,1
zgrze,1
kao,1
bran,1
dłów,1
nie',1
haps,1
­dow,1
fitu,1
zwij,1
­głym,1
zszo,1
lód,1
kóżą,1
﻿pla,1
ź­dź,1
igrasz,1
mdle,1
anemn,1
neż,1
newr,1
tęg,1
­a,1
akro,1
ozór,1
tum,1
l­nej,1
umyj,1
ch57,1
skwiń,1
tch,1
ciż,1
nudy,1
grzać,1
pod­czas,1
­gad,1
piję,1
pseu,1
zrąb,1
moź,1
dbasz,1
129,1
­niesz,1
kwen,1
zmierzch,1
kika,1
zgó,1
wiast,1
dlin,1
sczer,1
ćwiar,1
lamę,1
rosy,1
straw,1
65,1
mara,1
gum,1
ż­ni,1
ułatw,1
uj­rzysz,1
pler,1
smar,1
duet,1
­bem,1
dypl,1
poci,1
100,1
puszcz,1
ukłuł,1
landz,1
wchło,1
w­szym,1
nop,1
fasa,1
upiekł,1
naj­węż,1
2,1
oth,1
dzaw,1
pos,1
pod­nie,1
kunsz,1
­moż,1
bodź,1
ustroi,1
stwia,1
liku,1
łęku,1
dmach,1
j­skich,1
turm,1
chlan,1
wen,1
spodki,1
wiech,1
kusi,1
ędzie,1
pod­słu,1
łąb,1
burt,1
łąką,1
chom,1
175834449537,1
pięść,1
­bod,1
petl,1
peak,1
ożyć,1
­wol,1
1788,1
dai,1
rz­choł,1
­ką,1
dłej,1
styk,1
ż­szej,1
liż,1
­zwy,1
głorp,1
metę,1
deś,1
słach,1
l­wiek,1
1126,1
zyg,1
oje,1
szyfr,1
lały,1
gole,1
­jaźń,1
lekt,1
0,1
un,1
azo,1
aryt,1
­wość,1
k4,1
liach,1
nez,1
mań,1
isty,1
uzdro,1
kiew,1
­mym,1
­łyk,1
m­ność,1
uświet,1
kwin,1
d­cze,1
­kąt,1
stok,1
­traw,1
trio,1
ż­na,1
d­no,1
­skach,1
luki,1
kej,1
uznaw,1
lbur,1
­tran,1
kina,1
wył,1
jeś,1
łód,1
lka,1
koch,1
d­ko,1
get,1
grzeb,1
flad,1
azyl,1
mową,1
pooo,1
id11,1
­sen,1
naj­pierw,1
­pia,1
tas,1
chlarz,1
m38,1
cz­no,1
rowy,1
zgnio,1
deus,1
375,1
ugnia,1
glaz,1
atry,1
wsparł,1
trich,1
zjach,1
zsia,1
45,1
asi,1
­dań,1
uschła,1
od­krzyk,1
krom,1
wel,1
kłaj,1
młyn,1
ceną,1
ople,1
firm,1
drgnąć,1
wrzeć,1
dżyć,1
fant,1
kem,1
sz­ne,1
­wiem,1
opoń,1
coby,1
66,1
rznię,1
szwaj,1
st­nik,1
pech,1
skwie,1
­koń,1
ch48,1
n­gów,1
­staw,1
nei,1
gilr,1
ica,1
nr,1
­twi,1
ostrzać,1
prząc,1
trii,1
­słać,1
l­sku,1
sz­tów,1
bajn,1
gazu,1
urba,1
­rów,1
temi,1
­dząc,1
­trzył,1
spię,1
biw,1
suń,1
tlił,1
eri,1
śnicz,1
55,1
ecież,1
wiant,1
naj­le,1
­cja,1
bzde,1
cz­to,1
fecz,1
tant,1
alej,1
kpił,1
ku5,1
bytu,1
­mus,1
­ska,1
wskó,1
ł­dzie,1
3132,1
asią,1
ziol,1
wsio,1
zwiń,1
żął,1
kuku,1
­wąt,1
ryżu,1
goi,1
wisk,1
gib,1
­kły,1
­tym,1
rwach,1
furk,1
mstę,1
łysa,1
otwa,1
pzy,1
wdać,1
łżą,1
­stę,1
­łap,1
tłuc,1
parst,1
bazą,1
­szedł,1
wspie,1
­dzej,1
­łał,1
­pio,1
r­ła,1
bitą,1
20,1
ving,1
lwu,1
­gły,1
oł,1
skończ,1
ścisk,1
t',1
wjaz,1
agraf,1
piek,1
chwał,1
dóbr,1
ubran,1
skwi,1
sejm,1
<o<,1
skiń,1
zea,1
full,1
rodu,1
yar,1
żań,1
małp,1
lur,1
an­giel,1
john,1
fiać,1
frr,1
oszust,1
łysi,1
typy,1
szwun,1
skudz,1
ziut,1
st­kie,1
­znać,1
dbam,1
orać,1
zgni,1
winą,1
twur,1
ściurch,1
brań,1
­p,1
cze5,1
upaść,1
glib,1
­uf,1
lśnił,1
wasi,1
kasę,1
rel,1
mnij,1
­pręd,1
wkradł,1
pcze,1
niąż,1
od­ma,1
opre,1
l­nie,1
góż,1
igie,1
grat,1
s­ność,1
oseł,1
­cał,1
błość,1
wiś,1
l­bo,1
­pływ,1
wniósł,1
cal,1
test,1
myję,1
okryć,1
weń,1
­stym,1
piem,1
­rzyć,1
cz­ność,1
sfin,1
ź­nie,1
ślep,1
łbach,1
­gla,1
atr,1
w12,1
dzwa,1
goni,1
­skać,1
potu,1
budą,1
redę,1
wspak,1
serc,1
uświad,1
bylo,1
ch,1
ś­cią,1
tęgo,1
od­dzie,1
łost,1
poł,1
zwykł,1
pod­jeż,1
ciąż,1
­fi,1
czort,1
­łąd,1
fleks,1
ofie,1
dią,1
zwer,1
uplótł,1
ori,1
szturch,1
­tun,1
węży,1
n­kach,1
ogu,1
pon,1
edu,1
rau,1
up,1
waty,1
36,1
nąj,1
bunt,1
uall,1
zgęst,1
noży,1
z­piecz,1
int,1
sita,1
anioł,1
halą,1
­lec,1
drżąc,1
sz­cze,1
­tor,1
stin,1
moce,1
gryź,1
chlej,1
ocha,1
miosł,1
piż,1
n18,1
strii,1
lvo,1
abie,1
1770,1
pych,1
ugrzą,1
łęż,1
ubyt,1
brwio,1
owią,1
graph,1
okieł,1
1876,1
włoch,1
awać,1
­zie,1
krzył,1
hieks,1
żrą,1
icz,1
żyto,1
54,1
dyl,1
ziw,1
drwi,1
gęba,1
unię,1
zimy,1
ń­cze,1
łknie,1
­in,1
ląt,1
upiór,1
